{{S_ID}},Grade(25-26),Physical Area,Gov,Group ID,Location ID
DEMIS-S-527129,G5,أسيوط,,Physical-DS-G31,
DEMIS-S-527130,G5,المعادي,,Physical-DS-G864,
DEMIS-S-527131,G5,سوهاج,,Physical-DS-G1313,
DEMIS-S-527132,G4,شبرا,,Physical-DS-G923,
DEMIS-S-527133,G6,قنا,,Physical-DS-G1350,
DEMIS-S-527134,G5,سوهاج,,Physical-DS-G1313,
DEMIS-S-527135,G4,الفيوم,,Physical-DS-G681,
DEMIS-S-527136,G6,عجمي,,Physical-DS-G188,
DEMIS-S-527137,G4,العبور,,Physical-DS-G1029,
DEMIS-S-527138,G4,أسوان,,Physical-DS-G1,
DEMIS-S-527139,G4,الفيوم,,Physical-DS-G681,
DEMIS-S-527140,G5,شبين الكوم,,Physical-DS-G1163,
DEMIS-S-527141,G5,أسيوط,,Physical-DS-G14,
DEMIS-S-527142,G5,قويسنا,,Physical-DS-G1176,
DEMIS-S-527143,G5,ميت غمر,,Physical-DS-G509,
DEMIS-S-527144,G4,العمرانية,,Physical-DS-G354,
DEMIS-S-527145,G4,طنطا,,Physical-DS-G640,
DEMIS-S-527146,G5,شبرا الخيمة,,Physical-DS-G1087,
DEMIS-S-527147,G4,شبرا,,Physical-DS-G923,
DEMIS-S-527148,G4,العباسية,,Physical-DS-G789,
DEMIS-S-527149,G4,الفيوم,,Physical-DS-G681,
DEMIS-S-527150,G4,سوهاج,,Physical-DS-G1297,
DEMIS-S-527151,G4,الإسماعيلية,,Physical-DS-G191,
DEMIS-S-527152,G6,سوهاج,,Physical-DS-G1323,
DEMIS-S-527153,G5,إدفو,,Physical-DS-G12,
DEMIS-S-527154,G4,العمرانية,,Physical-DS-G354,
DEMIS-S-527155,G5,إمبابة,,Physical-DS-G317,
DEMIS-S-527156,G6,سوهاج,,Physical-DS-G1323,
DEMIS-S-527157,G6,قنا,,Physical-DS-G1350,
DEMIS-S-527158,G6,ميت غمر,,Physical-DS-G484,
DEMIS-S-527159,G4,مصر الجديدة,,Physical-DS-G990,
DEMIS-S-527160,G4,الغردقة,,Physical-DS-G207,
DEMIS-S-527161,G4,حلوان,,Physical-DS-G895,
DEMIS-S-527162,G4,الفيوم,,Physical-DS-G681,
DEMIS-S-527163,G4,الشروق,,Physical-DS-G760,
DEMIS-S-527164,G4,شبين الكوم,,Physical-DS-G1147,
DEMIS-S-527165,G5,المحلة الكبرى,,Physical-DS-G619,
DEMIS-S-527166,G5,دمنهور,,Physical-DS-G232,
DEMIS-S-527167,G5,المحلة الكبرى,,Physical-DS-G619,
DEMIS-S-527168,G6,إمبابة,,Physical-DS-G323,
DEMIS-S-527169,G5,فارسكور,,Physical-DS-G1295,
DEMIS-S-527170,G6,السلام,,Physical-DS-G718,
DEMIS-S-527171,G4,الأقصر,,Physical-DS-G57,
DEMIS-S-527172,G5,حي شرق,,Physical-DS-G147,
DEMIS-S-527173,G6,شبين القناطر,,Physical-DS-G1108,
DEMIS-S-527174,G6,الأقصر,,Physical-DS-G57,
DEMIS-S-527175,G5,فيصل,,Physical-DS-G452,
DEMIS-S-527176,G6,ميت غمر,,Physical-DS-G525,
DEMIS-S-527177,G5,أسيوط,,Physical-DS-G31,
DEMIS-S-527178,G5,مدينة نصر,,Physical-DS-G971,
DEMIS-S-527179,G4,حي شرق,,Physical-DS-G133,
DEMIS-S-527180,G5,الهرم,,Physical-DS-G408,
DEMIS-S-527181,G4,مصر الجديدة,,Physical-DS-G990,
DEMIS-S-527182,G4,طنطا,,Physical-DS-G640,
DEMIS-S-527183,G4,15 مايو,,Physical-DS-G709,
DEMIS-S-527184,G6,شبين القناطر,,Physical-DS-G1108,
DEMIS-S-527185,G5,حي شرق,,Physical-DS-G147,
DEMIS-S-527186,G4,العاشر من رمضان,,Physical-DS-G576,
DEMIS-S-527187,G5,المنصورة,,Physical-DS-G474,
DEMIS-S-527188,G4,قويسنا,,Physical-DS-G1176,
DEMIS-S-527189,G4,مدينة نصر,,Physical-DS-G945,
DEMIS-S-527190,G4,وسط البلد,,Physical-DS-G1016,
DEMIS-S-527191,G6,دمياط,,Physical-DS-G1275,
DEMIS-S-527192,G5,حدائق الأهرام,,Physical-DS-G432,
DEMIS-S-527193,G5,المعادي,,Physical-DS-G838,
DEMIS-S-527194,G4,6 أكتوبر,,Physical-DS-G258,
DEMIS-S-527195,G5,حي وسط,,Physical-DS-G166,
DEMIS-S-527196,G4,وسط البلد,,Physical-DS-G1016,
DEMIS-S-527197,G4,الشيخ زايد,,Physical-DS-G339,
DEMIS-S-527198,G4,قنا,,Physical-DS-G1337,
DEMIS-S-527199,G4,السلام,,Physical-DS-G718,
DEMIS-S-527200,G4,6 أكتوبر,,Physical-DS-G258,
DEMIS-S-527201,G4,المعادي,,Physical-DS-G838,
DEMIS-S-527202,G5,15 مايو,,Physical-DS-G715,
DEMIS-S-527203,G4,ميت غمر,,Physical-DS-G484,
DEMIS-S-527204,G4,6 أكتوبر,,Physical-DS-G258,
DEMIS-S-527205,G4,السلام,,Physical-DS-G718,
DEMIS-S-527206,G6,وسط البلد,,Physical-DS-G1027,
DEMIS-S-527207,G5,الشروق,,Physical-DS-G778,
DEMIS-S-527208,G4,إمبابة,,Physical-DS-G306,
DEMIS-S-527209,G4,الهرم,,Physical-DS-G387,
DEMIS-S-527210,G4,العامرية,,Physical-DS-G86,
DEMIS-S-527211,G4,المعادي,,Physical-DS-G838,
DEMIS-S-527212,G4,حدائق الأهرام,,Physical-DS-G426,
DEMIS-S-527213,G4,دمنهور,,Physical-DS-G219,
DEMIS-S-527214,G4,السلام,,Physical-DS-G718,
DEMIS-S-527215,G4,مدينة نصر,,Physical-DS-G945,
DEMIS-S-527216,G4,المعادي,,Physical-DS-G838,
DEMIS-S-527217,G4,الزقازيق,,Physical-DS-G544,
DEMIS-S-527218,G4,بلبيس,,Physical-DS-G590,
DEMIS-S-527219,G5,أول المنتزة,,Physical-DS-G80,
DEMIS-S-527220,G4,مدينة نصر,,Physical-DS-G945,
DEMIS-S-527221,G4,القاهرة الجديدة,,Physical-DS-G797,
DEMIS-S-527222,G4,6 أكتوبر,,Physical-DS-G258,
DEMIS-S-527223,G6,العمرانية,,Physical-DS-G370,
DEMIS-S-527224,G4,عجمي,,Physical-DS-G172,
DEMIS-S-527225,G4,الهرم,,Physical-DS-G387,
DEMIS-S-527226,G5,العبور,,Physical-DS-G1042,
DEMIS-S-527227,G4,حلوان,,Physical-DS-G895,
DEMIS-S-527228,G6,العاشر من رمضان,,Physical-DS-G588,
DEMIS-S-527229,G4,بورسعيد,,Physical-DS-G1247,
DEMIS-S-527230,G4,السلام,,Physical-DS-G718,
DEMIS-S-527231,G4,أول المنتزة,,Physical-DS-G70,
DEMIS-S-527232,G5,الزقازيق,,Physical-DS-G560,
DEMIS-S-527233,G4,الهرم,,Physical-DS-G387,
DEMIS-S-527234,G5,ميت غمر,,Physical-DS-G509,
DEMIS-S-527235,G6,فيصل,,Physical-DS-G459,
DEMIS-S-527236,G5,السويس,,Physical-DS-G539,
DEMIS-S-527237,G5,مدينة نصر,,Physical-DS-G971,
DEMIS-S-527238,G5,شبرا الخيمة,,Physical-DS-G1087,
DEMIS-S-527239,G5,أسيوط,,Physical-DS-G31,
DEMIS-S-527240,G4,العبور,,Physical-DS-G1029,
DEMIS-S-527241,G4,بنها,,Physical-DS-G1051,
DEMIS-S-527242,G4,شبرا,,Physical-DS-G923,
DEMIS-S-527243,G4,الشروق,,Physical-DS-G760,
DEMIS-S-527244,G5,السلام,,Physical-DS-G741,
DEMIS-S-527245,G4,قويسنا,,Physical-DS-G1176,
DEMIS-S-527246,G4,فيصل,,Physical-DS-G438,
DEMIS-S-527247,G4,وسط البلد,,Physical-DS-G1016,
DEMIS-S-527248,G4,سوهاج,,Physical-DS-G1297,
DEMIS-S-527249,G4,الشروق,,Physical-DS-G760,
DEMIS-S-527250,G4,طنطا,,Physical-DS-G640,
DEMIS-S-527251,G6,السلام,,Physical-DS-G754,
DEMIS-S-527252,G4,المنتزة ثان,,Physical-DS-G102,
DEMIS-S-527253,G4,شبين الكوم,,Physical-DS-G1147,
DEMIS-S-527254,G5,إمبابة,,Physical-DS-G317,
DEMIS-S-527255,G5,حلوان,,Physical-DS-G912,
DEMIS-S-527256,G6,الأقصر,,Physical-DS-G67,
DEMIS-S-527257,G4,طنطا,,Physical-DS-G640,
DEMIS-S-527258,G4,حي شرق,,Physical-DS-G133,
DEMIS-S-527259,G5,مدينة نصر,,Physical-DS-G971,
DEMIS-S-527260,G4,ميت غمر,,Physical-DS-G484,
DEMIS-S-527261,G4,المنتزة ثان,,Physical-DS-G102,
DEMIS-S-527262,G4,فاقوس,,Physical-DS-G599,
DEMIS-S-527263,G4,العبور,,Physical-DS-G1029,
DEMIS-S-527264,G6,شبرا الخيمة,,Physical-DS-G1096,
DEMIS-S-527265,G4,القاهرة الجديدة,,Physical-DS-G797,
DEMIS-S-527266,G4,حلوان,,Physical-DS-G895,
DEMIS-S-527267,G5,سوهاج,,Physical-DS-G1313,
DEMIS-S-527268,G4,الشيخ زايد,,Physical-DS-G339,
DEMIS-S-527269,G4,القاهرة الجديدة,,Physical-DS-G797,
DEMIS-S-527270,G5,بورسعيد,,Physical-DS-G1254,
DEMIS-S-527271,G4,المنيب,,Physical-DS-G373,
DEMIS-S-527272,G4,حلوان,,Physical-DS-G895,
DEMIS-S-527273,G4,فيصل,,Physical-DS-G438,
DEMIS-S-527274,G4,مصر الجديدة,,Physical-DS-G990,
DEMIS-S-527275,G4,قنا,,Physical-DS-G1337,
DEMIS-S-527276,G4,السلام,,Physical-DS-G718,
DEMIS-S-527277,G4,6 أكتوبر,,Physical-DS-G258,
DEMIS-S-527278,G6,حدائق القبة,,Physical-DS-G893,
DEMIS-S-527279,G4,الشروق,,Physical-DS-G760,
DEMIS-S-527280,G4,طنطا,,Physical-DS-G640,
DEMIS-S-527281,G4,الشروق,,Physical-DS-G760,
DEMIS-S-527282,G4,شبرا,,Physical-DS-G923,
DEMIS-S-527283,G4,العبور,,Physical-DS-G1029,
DEMIS-S-527284,G4,الزقازيق,,Physical-DS-G544,
DEMIS-S-527285,G4,الأقصر,,Physical-DS-G57,
DEMIS-S-527286,G5,السلام,,Physical-DS-G741,
DEMIS-S-527287,G4,الخارجة,,Physical-DS-G1214,
DEMIS-S-527288,G4,كفر الشيخ,,Physical-DS-G1371,
DEMIS-S-527289,G4,حي شرق,,Physical-DS-G133,
DEMIS-S-527290,G5,قنا,,Physical-DS-G1345,
DEMIS-S-527291,G5,مدينة نصر,,Physical-DS-G945,
DEMIS-S-527292,G4,حي وسط,,Physical-DS-G158,
DEMIS-S-527293,G5,حي وسط,,Physical-DS-G158,
DEMIS-S-527294,G5,طنطا,,Physical-DS-G640,
DEMIS-S-527295,G4,فيصل,,Physical-DS-G438,
DEMIS-S-527296,G6,بنها,,Physical-DS-G1067,
DEMIS-S-527297,G5,مدينة نصر,,Physical-DS-G971,
DEMIS-S-527298,G4,15 مايو,,Physical-DS-G709,
DEMIS-S-527299,G5,فيصل,,Physical-DS-G452,
DEMIS-S-527300,G5,شبراخيت,,Physical-DS-G250,
DEMIS-S-527301,G5,15 مايو,,Physical-DS-G715,
DEMIS-S-527302,G4,ميت غمر,,Physical-DS-G484,
DEMIS-S-527303,G6,سنورس,,Physical-DS-G708,
DEMIS-S-527304,G5,القاهرة الجديدة,,Physical-DS-G821,
DEMIS-S-527305,G4,طنطا,,Physical-DS-G640,
DEMIS-S-527306,G5,الشيخ زايد,,Physical-DS-G349,
DEMIS-S-527307,G4,المعادي,,Physical-DS-G838,
DEMIS-S-527308,G4,القاهرة الجديدة,,Physical-DS-G797,
DEMIS-S-527309,G6,شبين الكوم,,Physical-DS-G1171,
DEMIS-S-527310,G4,طنطا,,Physical-DS-G640,
DEMIS-S-527311,G4,بنها,,Physical-DS-G1051,
DEMIS-S-527312,G6,الشيخ زايد,,Physical-DS-G352,
DEMIS-S-527313,G4,دمياط,,Physical-DS-G1275,
DEMIS-S-527314,G6,السلام,,Physical-DS-G754,
DEMIS-S-527315,G5,حدائق الأهرام,,Physical-DS-G432,
DEMIS-S-527316,G4,القاهرة الجديدة,,Physical-DS-G797,
DEMIS-S-527317,G4,حلوان,,Physical-DS-G895,
DEMIS-S-527318,G5,أشمون,,Physical-DS-G1121,
DEMIS-S-527319,G5,العمرانية,,Physical-DS-G365,
DEMIS-S-527320,G4,شبرا,,Physical-DS-G923,
DEMIS-S-527321,G4,السلام,,Physical-DS-G718,
DEMIS-S-527322,G4,الهرم,,Physical-DS-G387,
DEMIS-S-527323,G4,شبرا الخيمة,,Physical-DS-G1071,
DEMIS-S-527324,G4,الشيخ زايد,,Physical-DS-G339,
DEMIS-S-527325,G4,6 أكتوبر,,Physical-DS-G258,
DEMIS-S-527326,G4,فيصل,,Physical-DS-G438,
DEMIS-S-527327,G5,وسط البلد,,Physical-DS-G1023,
DEMIS-S-527328,G5,إمبابة,,Physical-DS-G317,
DEMIS-S-527329,G6,مدينة نصر,,Physical-DS-G945,
DEMIS-S-527330,G5,المنصورة,,Physical-DS-G474,
DEMIS-S-527331,G5,حدائق الأهرام,,Physical-DS-G432,
DEMIS-S-527332,G4,الزقازيق,,Physical-DS-G544,
DEMIS-S-527333,G4,شبين الكوم,,Physical-DS-G1147,
DEMIS-S-527334,G5,الشروق,,Physical-DS-G778,
DEMIS-S-527335,G4,شبرا,,Physical-DS-G923,
DEMIS-S-527336,G4,شبرا,,Physical-DS-G923,
DEMIS-S-527337,G6,الهرم,,Physical-DS-G420,
DEMIS-S-527338,G6,شبرا الخيمة,,Physical-DS-G1071,
DEMIS-S-527339,G4,أول المنتزة,,Physical-DS-G70,
DEMIS-S-527340,G4,شبراخيت,,Physical-DS-G242,
DEMIS-S-527341,G5,المنيا,,Physical-DS-G1198,
DEMIS-S-527342,G5,مصر الجديدة,,Physical-DS-G1006,
DEMIS-S-527343,G4,العمرانية,,Physical-DS-G354,
DEMIS-S-527344,G4,فيصل,,Physical-DS-G438,
DEMIS-S-527345,G4,الشروق,,Physical-DS-G760,
DEMIS-S-527346,G4,دمنهور,,Physical-DS-G219,
DEMIS-S-527347,G5,حلوان,,Physical-DS-G912,
DEMIS-S-527348,G4,المعادي,,Physical-DS-G838,
DEMIS-S-527349,G5,المنيب,,Physical-DS-G379,
DEMIS-S-527350,G5,بنها,,Physical-DS-G1061,
DEMIS-S-527351,G5,الطور,,Physical-DS-G1269,
DEMIS-S-527352,G5,مصر الجديدة,,Physical-DS-G1006,
DEMIS-S-527353,G4,السلام,,Physical-DS-G718,
DEMIS-S-527354,G4,طنطا,,Physical-DS-G640,
DEMIS-S-527355,G6,سمنود,,Physical-DS-G637,
DEMIS-S-527356,G4,الشروق,,Physical-DS-G760,
DEMIS-S-527357,G4,الهرم,,Physical-DS-G387,
DEMIS-S-527358,G5,المعادي,,Physical-DS-G864,
DEMIS-S-527359,G6,بنى سويف,,Physical-DS-G1235,
DEMIS-S-527360,G4,المنصورة,,Physical-DS-G462,
DEMIS-S-527361,G4,مصر الجديدة,,Physical-DS-G990,
DEMIS-S-527362,G5,أسيوط,,Physical-DS-G31,
DEMIS-S-527363,G4,شبراخيت,,Physical-DS-G242,
DEMIS-S-527364,G6,دمنهور,,Physical-DS-G238,
DEMIS-S-527365,G5,حلوان,,Physical-DS-G895,
DEMIS-S-527366,G6,القاهرة الجديدة,,Physical-DS-G833,
DEMIS-S-527367,G4,أول المنتزة,,Physical-DS-G70,
DEMIS-S-527368,G4,حدائق القبة,,Physical-DS-G881,
DEMIS-S-527369,G4,إمبابة,,Physical-DS-G306,
DEMIS-S-527370,G6,السلام,,Physical-DS-G754,
DEMIS-S-527371,G6,العبور,,Physical-DS-G1048,
DEMIS-S-527372,G5,بنى سويف,,Physical-DS-G1230,
DEMIS-S-527373,G5,أول المنتزة,,Physical-DS-G70,
DEMIS-S-527374,G5,ميت غمر,,Physical-DS-G509,
DEMIS-S-527375,G4,6 أكتوبر,,Physical-DS-G258,
DEMIS-S-527376,G6,وسط البلد,,Physical-DS-G1027,
DEMIS-S-527377,G4,دسوق,,Physical-DS-G1361,
DEMIS-S-527378,G4,العبور,,Physical-DS-G1029,
DEMIS-S-527379,G4,الشروق,,Physical-DS-G760,
DEMIS-S-527380,G4,الإسماعيلية,,Physical-DS-G191,
DEMIS-S-527381,G5,فيصل,,Physical-DS-G452,
DEMIS-S-527382,G4,العباسية,,Physical-DS-G789,
DEMIS-S-527383,G5,مدينة نصر,,Physical-DS-G971,
DEMIS-S-527384,G4,قليوب,,Physical-DS-G1110,
DEMIS-S-527385,G4,الطور,,Physical-DS-G1267,
DEMIS-S-527386,G4,دمنهور,,Physical-DS-G219,
DEMIS-S-527387,G4,6 أكتوبر,,Physical-DS-G258,
DEMIS-S-527388,G5,بورسعيد,,Physical-DS-G1254,
DEMIS-S-527389,G6,دمنهور,,Physical-DS-G238,
DEMIS-S-527390,G4,مدينة نصر,,Physical-DS-G945,
DEMIS-S-527391,G4,فيصل,,Physical-DS-G438,
DEMIS-S-527392,G4,المنصورة,,Physical-DS-G462,
DEMIS-S-527393,G4,الزقازيق,,Physical-DS-G544,
DEMIS-S-527394,G4,السلام,,Physical-DS-G718,
DEMIS-S-527395,G4,المعادي,,Physical-DS-G838,
DEMIS-S-527396,G5,6 أكتوبر,,Physical-DS-G287,
DEMIS-S-527397,G4,طنطا,,Physical-DS-G640,
DEMIS-S-527398,G4,6 أكتوبر,,Physical-DS-G258,
DEMIS-S-527399,G5,أسيوط,,Physical-DS-G31,
DEMIS-S-527400,G4,أسيوط,,Physical-DS-G14,
DEMIS-S-527401,G6,العمرانية,,Physical-DS-G370,
DEMIS-S-527402,G6,طنطا,,Physical-DS-G673,
DEMIS-S-527403,G4,السويس,,Physical-DS-G534,
DEMIS-S-527404,G5,السلام,,Physical-DS-G741,
DEMIS-S-527405,G4,المنتزة ثان,,Physical-DS-G102,
DEMIS-S-527406,G4,6 أكتوبر,,Physical-DS-G258,
DEMIS-S-527407,G5,أول المنتزة,,Physical-DS-G80,
DEMIS-S-527408,G4,حي وسط,,Physical-DS-G158,
DEMIS-S-527409,G4,6 أكتوبر,,Physical-DS-G258,
DEMIS-S-527410,G4,المحلة الكبرى,,Physical-DS-G612,
DEMIS-S-527411,G5,الهرم,,Physical-DS-G408,
DEMIS-S-527412,G4,السلام,,Physical-DS-G718,
DEMIS-S-527413,G4,أسيوط,,Physical-DS-G14,
DEMIS-S-527414,G5,شبرا,,Physical-DS-G937,
DEMIS-S-527415,G5,الزقازيق,,Physical-DS-G560,
DEMIS-S-527416,G6,طنطا,,Physical-DS-G640,
DEMIS-S-527417,G5,6 أكتوبر,,Physical-DS-G287,
DEMIS-S-527418,G4,الشيخ زايد,,Physical-DS-G339,
DEMIS-S-527419,G5,مصر الجديدة,,Physical-DS-G1006,
DEMIS-S-527420,G4,الزقازيق,,Physical-DS-G544,
DEMIS-S-527421,G6,فيصل,,Physical-DS-G459,
DEMIS-S-527422,G4,مصر الجديدة,,Physical-DS-G990,
DEMIS-S-527423,G4,فيصل,,Physical-DS-G438,
DEMIS-S-527424,G4,الهرم,,Physical-DS-G387,
DEMIS-S-527425,G5,الهرم,,Physical-DS-G408,
DEMIS-S-527426,G4,الهرم,,Physical-DS-G387,
DEMIS-S-527427,G4,المنتزة ثان,,Physical-DS-G102,
DEMIS-S-527428,G5,عجمي,,Physical-DS-G172,
DEMIS-S-527429,G4,شبراخيت,,Physical-DS-G242,
DEMIS-S-527430,G4,دمياط,,Physical-DS-G1275,
DEMIS-S-527431,G4,المنتزة ثان,,Physical-DS-G102,
DEMIS-S-527432,G6,الشروق,,Physical-DS-G786,
DEMIS-S-527433,G4,المعادي,,Physical-DS-G838,
DEMIS-S-527434,G5,ديروط,,Physical-DS-G50,
DEMIS-S-527435,G4,حلوان,,Physical-DS-G895,
DEMIS-S-527436,G5,العبور,,Physical-DS-G1042,
DEMIS-S-527437,G4,أسيوط,,Physical-DS-G14,
DEMIS-S-527438,G4,السلام,,Physical-DS-G718,
DEMIS-S-527439,G5,المنتزة ثان,,Physical-DS-G102,
DEMIS-S-527440,G6,مدينة نصر,,Physical-DS-G985,
DEMIS-S-527441,G4,الفيوم,,Physical-DS-G681,
DEMIS-S-527442,G4,حي شرق,,Physical-DS-G133,
DEMIS-S-527443,G4,المنتزة ثان,,Physical-DS-G102,
DEMIS-S-527444,G6,شبرا,,Physical-DS-G943,
DEMIS-S-527445,G4,المنتزة ثان,,Physical-DS-G102,
DEMIS-S-527446,G4,المعادي,,Physical-DS-G838,
DEMIS-S-527447,G5,فيصل,,Physical-DS-G452,
DEMIS-S-527448,G4,الشروق,,Physical-DS-G760,
DEMIS-S-527449,G4,دمنهور,,Physical-DS-G219,
DEMIS-S-527450,G4,المنيا,,Physical-DS-G1187,
DEMIS-S-527451,G5,كفر الشيخ,,Physical-DS-G1377,
DEMIS-S-527452,G4,إمبابة,,Physical-DS-G306,
DEMIS-S-527453,G6,طنطا,,Physical-DS-G673,
DEMIS-S-527454,G5,السلام,,Physical-DS-G741,
DEMIS-S-527455,G5,الهرم,,Physical-DS-G408,
DEMIS-S-527456,G4,الهرم,,Physical-DS-G387,
DEMIS-S-527457,G5,المنصورة,,Physical-DS-G474,
DEMIS-S-527458,G4,6 أكتوبر,,Physical-DS-G258,
DEMIS-S-527459,G5,شبرا الخيمة,,Physical-DS-G1087,
DEMIS-S-527460,G5,بورفؤاد,,Physical-DS-G1264,
DEMIS-S-527461,G6,عجمي,,Physical-DS-G188,
DEMIS-S-527462,G4,الزقازيق,,Physical-DS-G544,
DEMIS-S-527463,G5,مدينة نصر,,Physical-DS-G971,
DEMIS-S-527464,G4,ميت غمر,,Physical-DS-G484,
DEMIS-S-527465,G4,فاقوس,,Physical-DS-G599,
DEMIS-S-527466,G4,الشروق,,Physical-DS-G760,
DEMIS-S-527467,G4,قنا,,Physical-DS-G1337,
DEMIS-S-527468,G4,قويسنا,,Physical-DS-G1176,
DEMIS-S-527469,G4,فاقوس,,Physical-DS-G599,
DEMIS-S-527470,G4,دمياط,,Physical-DS-G1275,
DEMIS-S-527471,G4,الهرم,,Physical-DS-G387,
DEMIS-S-527472,G4,المعادي,,Physical-DS-G838,
DEMIS-S-527473,G6,بورسعيد,,Physical-DS-G1259,
DEMIS-S-527474,G6,15 مايو,,Physical-DS-G717,
DEMIS-S-527475,G4,العاشر من رمضان,,Physical-DS-G576,
DEMIS-S-527476,G4,ميت غمر,,Physical-DS-G484,
DEMIS-S-527477,G6,بنها,,Physical-DS-G1067,
DEMIS-S-527478,G6,بنها,,Physical-DS-G1067,
DEMIS-S-527479,G6,الشيخ زايد,,Physical-DS-G352,
DEMIS-S-527480,G5,الهرم,,Physical-DS-G408,
DEMIS-S-527481,G4,العمرانية,,Physical-DS-G354,
DEMIS-S-527482,G4,المعادي,,Physical-DS-G838,
DEMIS-S-527483,G5,المعادي,,Physical-DS-G864,
DEMIS-S-527484,G4,6 أكتوبر,,Physical-DS-G258,
DEMIS-S-527485,G4,الهرم,,Physical-DS-G387,
DEMIS-S-527486,G4,فيصل,,Physical-DS-G438,
DEMIS-S-527487,G5,السويس,,Physical-DS-G539,
DEMIS-S-527488,G5,قنا,,Physical-DS-G1345,
DEMIS-S-527489,G5,المنصورة,,Physical-DS-G474,
DEMIS-S-527490,G4,أول المنتزة,,Physical-DS-G70,
DEMIS-S-527491,G6,ميت غمر,,Physical-DS-G525,
DEMIS-S-527492,G4,الشروق,,Physical-DS-G760,
DEMIS-S-527493,G4,مدينة نصر,,Physical-DS-G945,
DEMIS-S-527494,G5,سوهاج,,Physical-DS-G1313,
DEMIS-S-527495,G6,مصر الجديدة,,Physical-DS-G1013,
DEMIS-S-527496,G5,دسوق,,Physical-DS-G1366,
DEMIS-S-527497,G6,قوص,,Physical-DS-G1355,
DEMIS-S-527498,G5,عجمي,,Physical-DS-G172,
DEMIS-S-527499,G5,بورفؤاد,,Physical-DS-G1264,
DEMIS-S-527500,G5,فيصل,,Physical-DS-G452,
DEMIS-S-527501,G6,الزقازيق,,Physical-DS-G570,
DEMIS-S-527502,G5,سنورس,,Physical-DS-G707,
DEMIS-S-527503,G4,المنتزة ثان,,Physical-DS-G102,
DEMIS-S-527523,G4,القاهرة الجديدة,,Physical-DS-G797,
DEMIS-S-527524,G4,العاشر من رمضان,,Physical-DS-G576,
DEMIS-S-527525,G5,طنطا,,Physical-DS-G661,
DEMIS-S-527526,G4,بلبيس,,Physical-DS-G590,
DEMIS-S-527527,G4,الزقازيق,,Physical-DS-G544,
DEMIS-S-527528,G5,السلام,,Physical-DS-G718,
DEMIS-S-527529,G4,الفيوم,,Physical-DS-G681,
DEMIS-S-527530,G6,الهرم,,Physical-DS-G420,
DEMIS-S-527531,G6,الهرم,,Physical-DS-G387,
DEMIS-S-527532,G4,فيصل,,Physical-DS-G438,
DEMIS-S-527533,G4,الهرم,,Physical-DS-G387,
DEMIS-S-527534,G4,مدينة نصر,,Physical-DS-G945,
DEMIS-S-527535,G4,فاقوس,,Physical-DS-G599,
DEMIS-S-527536,G6,الشروق,,Physical-DS-G786,
DEMIS-S-527537,G4,شبين الكوم,,Physical-DS-G1147,
DEMIS-S-527538,G4,شبرا الخيمة,,Physical-DS-G1071,
DEMIS-S-527539,G5,المعادي,,Physical-DS-G864,
DEMIS-S-527540,G5,العبور,,Physical-DS-G1042,
DEMIS-S-527541,G6,ميت غمر,,Physical-DS-G525,
DEMIS-S-527542,G4,المنصورة,,Physical-DS-G462,
DEMIS-S-527543,G4,المنتزة ثان,,Physical-DS-G102,
DEMIS-S-527544,G6,بورسعيد,,Physical-DS-G1259,
DEMIS-S-527545,G4,دمنهور,,Physical-DS-G219,
DEMIS-S-527546,G5,الزقازيق,,Physical-DS-G560,
DEMIS-S-527547,G5,القاهرة الجديدة,,Physical-DS-G821,
DEMIS-S-527548,G6,قنا,,Physical-DS-G1350,
DEMIS-S-527549,G4,الإسماعيلية,,Physical-DS-G191,
DEMIS-S-527550,G6,دسوق,,Physical-DS-G1361,
DEMIS-S-527551,G4,العبور,,Physical-DS-G1029,
DEMIS-S-527552,G4,العريش,,Physical-DS-G1333,
DEMIS-S-527553,G4,شبرا الخيمة,,Physical-DS-G1071,
DEMIS-S-527554,G4,بنها,,Physical-DS-G1051,
DEMIS-S-527555,G4,السلام,,Physical-DS-G718,
DEMIS-S-527556,G4,المنتزة ثان,,Physical-DS-G102,
DEMIS-S-527557,G6,السلام,,Physical-DS-G754,
DEMIS-S-527558,G4,مدينة نصر,,Physical-DS-G945,
DEMIS-S-527559,G4,طنطا,,Physical-DS-G640,
DEMIS-S-527560,G4,طنطا,,Physical-DS-G640,
DEMIS-S-527561,G4,سمنود,,Physical-DS-G627,
DEMIS-S-527562,G4,مدينة نصر,,Physical-DS-G945,
DEMIS-S-527563,G4,قنا,,Physical-DS-G1337,
DEMIS-S-527564,G5,فيصل,,Physical-DS-G452,
DEMIS-S-527565,G4,مدينة نصر,,Physical-DS-G945,
DEMIS-S-527566,G6,6 أكتوبر,,Physical-DS-G258,
DEMIS-S-527567,G5,المعادي,,Physical-DS-G864,
DEMIS-S-527568,G5,الطور,,Physical-DS-G1269,
DEMIS-S-527569,G4,شبرا الخيمة,,Physical-DS-G1071,
DEMIS-S-527570,G4,أول المنتزة,,Physical-DS-G70,
DEMIS-S-527571,G5,المعادي,,Physical-DS-G864,
DEMIS-S-527572,G6,بنى سويف,,Physical-DS-G1235,
DEMIS-S-527573,G4,العاشر من رمضان,,Physical-DS-G576,
DEMIS-S-527574,G5,حي شرق,,Physical-DS-G147,
DEMIS-S-527575,G6,بلبيس,,Physical-DS-G597,
DEMIS-S-527576,G6,بوش,,Physical-DS-G1245,
DEMIS-S-527577,G5,المنتزة ثان,,Physical-DS-G119,
DEMIS-S-527578,G4,الدقي,,Physical-DS-G326,
DEMIS-S-527579,G4,فيصل,,Physical-DS-G438,
DEMIS-S-527580,G5,دمنهور,,Physical-DS-G232,
DEMIS-S-527581,G4,ميت غمر,,Physical-DS-G484,
DEMIS-S-527582,G6,مصر الجديدة,,Physical-DS-G1013,
DEMIS-S-527583,G4,بنها,,Physical-DS-G1051,
DEMIS-S-527584,G4,المنتزة ثان,,Physical-DS-G102,
DEMIS-S-527585,G4,مدينة نصر,,Physical-DS-G945,
DEMIS-S-527586,G4,طنطا,,Physical-DS-G640,
DEMIS-S-527587,G5,العاشر من رمضان,,Physical-DS-G584,
DEMIS-S-527588,G5,إمبابة,,Physical-DS-G317,
DEMIS-S-527589,G6,الشروق,,Physical-DS-G786,
DEMIS-S-527590,G6,المنصورة,,Physical-DS-G480,
DEMIS-S-527591,G4,بنى سويف,,Physical-DS-G1220,
DEMIS-S-527592,G4,المنيب,,Physical-DS-G373,
DEMIS-S-527593,G5,بورسعيد,,Physical-DS-G1254,
DEMIS-S-527594,G4,بورسعيد,,Physical-DS-G1247,
DEMIS-S-527595,G4,العبور,,Physical-DS-G1029,
DEMIS-S-527596,G6,العبور,,Physical-DS-G1029,
DEMIS-S-527597,G4,الهرم,,Physical-DS-G387,
DEMIS-S-527598,G4,قنا,,Physical-DS-G1337,
DEMIS-S-527599,G5,أشمون,,Physical-DS-G1117,
DEMIS-S-527600,G4,كفر الشيخ,,Physical-DS-G1371,
DEMIS-S-527601,G4,فيصل,,Physical-DS-G438,
DEMIS-S-527602,G5,ميت غمر,,Physical-DS-G509,
DEMIS-S-527603,G4,حدائق القبة,,Physical-DS-G881,
DEMIS-S-527604,G5,العاشر من رمضان,,Physical-DS-G584,
DEMIS-S-527605,G6,الإسماعيلية,,Physical-DS-G202,
DEMIS-S-527606,G4,الهرم,,Physical-DS-G387,
DEMIS-S-527607,G4,المنيب,,Physical-DS-G373,
DEMIS-S-527608,G5,العاشر من رمضان,,Physical-DS-G584,
DEMIS-S-527609,G6,دمنهور,,Physical-DS-G238,
DEMIS-S-527610,G6,فاقوس,,Physical-DS-G609,
DEMIS-S-527611,G5,شبرا الخيمة,,Physical-DS-G1087,
DEMIS-S-527612,G4,المعادي,,Physical-DS-G838,
DEMIS-S-527613,G4,شبراخيت,,Physical-DS-G242,
DEMIS-S-527614,G6,سمنود,,Physical-DS-G637,
DEMIS-S-527615,G4,شبرا الخيمة,,Physical-DS-G1071,
DEMIS-S-527616,G5,الفيوم,,Physical-DS-G693,
DEMIS-S-527617,G6,السلام,,Physical-DS-G718,
DEMIS-S-527618,G6,طنطا,,Physical-DS-G673,
DEMIS-S-527619,G5,حي شرق,,Physical-DS-G147,
DEMIS-S-527620,G4,المنيب,,Physical-DS-G373,
DEMIS-S-527621,G4,طنطا,,Physical-DS-G640,
DEMIS-S-527622,G5,أول المنتزة,,Physical-DS-G80,
DEMIS-S-527623,G4,إمبابة,,Physical-DS-G306,
DEMIS-S-527624,G5,شبرا,,Physical-DS-G937,
DEMIS-S-527625,G4,مدينة نصر,,Physical-DS-G945,
DEMIS-S-527626,G4,ملوي,,Physical-DS-G1208,
DEMIS-S-527627,G5,المعادي,,Physical-DS-G864,
DEMIS-S-527628,G4,أشمون,,Physical-DS-G1117,
DEMIS-S-527629,G4,الغردقة,,Physical-DS-G207,
DEMIS-S-527630,G4,بنى سويف,,Physical-DS-G1220,
DEMIS-S-527631,G5,شبين الكوم,,Physical-DS-G1163,
DEMIS-S-527632,G4,المنتزة ثان,,Physical-DS-G102,
DEMIS-S-527633,G4,مصر الجديدة,,Physical-DS-G990,
DEMIS-S-527634,G4,6 أكتوبر,,Physical-DS-G258,
DEMIS-S-527635,G4,الفيوم,,Physical-DS-G681,
DEMIS-S-527636,G5,بنى سويف,,Physical-DS-G1230,
DEMIS-S-527637,G5,عجمي,,Physical-DS-G183,
DEMIS-S-527638,G5,شبرا الخيمة,,Physical-DS-G1087,
DEMIS-S-527639,G4,أشمون,,Physical-DS-G1117,
DEMIS-S-527640,G4,المعادي,,Physical-DS-G838,
DEMIS-S-527641,G4,السلام,,Physical-DS-G718,
DEMIS-S-527642,G5,سوهاج,,Physical-DS-G1313,
DEMIS-S-527643,G5,حي شرق,,Physical-DS-G133,
DEMIS-S-527644,G4,المنتزة ثان,,Physical-DS-G102,
DEMIS-S-527645,G4,المعادي,,Physical-DS-G838,
DEMIS-S-527646,G4,مدينة نصر,,Physical-DS-G945,
DEMIS-S-527647,G4,شبين الكوم,,Physical-DS-G1147,
DEMIS-S-527648,G5,السويس,,Physical-DS-G539,
DEMIS-S-527649,G4,المنتزة ثان,,Physical-DS-G102,
DEMIS-S-527650,G4,المعادي,,Physical-DS-G838,
DEMIS-S-527651,G4,المنيا,,Physical-DS-G1187,
DEMIS-S-527652,G4,شبرا الخيمة,,Physical-DS-G1071,
DEMIS-S-527653,G6,سوهاج,,Physical-DS-G1323,
DEMIS-S-527654,G4,عجمي,,Physical-DS-G172,
DEMIS-S-527655,G4,شبين الكوم,,Physical-DS-G1147,
DEMIS-S-527656,G4,دسوق,,Physical-DS-G1361,
DEMIS-S-527657,G4,السلام,,Physical-DS-G718,
DEMIS-S-527658,G4,العمرانية,,Physical-DS-G354,
DEMIS-S-527659,G4,دمنهور,,Physical-DS-G219,
DEMIS-S-527660,G4,شبراخيت,,Physical-DS-G242,
DEMIS-S-527661,G4,طنطا,,Physical-DS-G640,
DEMIS-S-527662,G5,قليوب,,Physical-DS-G1114,
DEMIS-S-527663,G6,العباسية,,Physical-DS-G796,
DEMIS-S-527664,G6,أسيوط,,Physical-DS-G14,
DEMIS-S-527665,G4,فيصل,,Physical-DS-G438,
DEMIS-S-527666,G6,المنتزة ثان,,Physical-DS-G102,
DEMIS-S-527667,G5,المعادي,,Physical-DS-G864,
DEMIS-S-527668,G4,أول المنتزة,,Physical-DS-G70,
DEMIS-S-527669,G4,6 أكتوبر,,Physical-DS-G258,
DEMIS-S-527670,G5,طنطا,,Physical-DS-G640,
DEMIS-S-527671,G6,الدقي,,Physical-DS-G337,
DEMIS-S-527672,G4,أسيوط,,Physical-DS-G14,
DEMIS-S-527673,G5,الهرم,,Physical-DS-G408,
DEMIS-S-527674,G5,بنها,,Physical-DS-G1061,
DEMIS-S-527675,G4,العبور,,Physical-DS-G1029,
DEMIS-S-527676,G4,حي شرق,,Physical-DS-G133,
DEMIS-S-527677,G5,وسط البلد,,Physical-DS-G1023,
DEMIS-S-527678,G4,المنيب,,Physical-DS-G373,
DEMIS-S-527679,G5,شبرا الخيمة,,Physical-DS-G1087,
DEMIS-S-527680,G5,15 مايو,,Physical-DS-G715,
DEMIS-S-527681,G5,بركة السبع,,Physical-DS-G1143,
DEMIS-S-527682,G4,دمنهور,,Physical-DS-G219,
DEMIS-S-527683,G4,العمرانية,,Physical-DS-G354,
DEMIS-S-527684,G4,العمرانية,,Physical-DS-G354,
DEMIS-S-527685,G5,الهرم,,Physical-DS-G408,
DEMIS-S-527686,G5,شبين الكوم,,Physical-DS-G1163,
DEMIS-S-527687,G4,حدائق الأهرام,,Physical-DS-G426,
DEMIS-S-527688,G5,أسيوط,,Physical-DS-G31,
DEMIS-S-527689,G4,أسيوط,,Physical-DS-G14,
DEMIS-S-527690,G6,فيصل,,Physical-DS-G459,
DEMIS-S-527691,G4,مدينة نصر,,Physical-DS-G945,
DEMIS-S-527692,G4,حلوان,,Physical-DS-G895,
DEMIS-S-527693,G4,المعادي,,Physical-DS-G838,
DEMIS-S-527694,G4,حي شرق,,Physical-DS-G133,
DEMIS-S-527695,G5,المعادي,,Physical-DS-G864,
DEMIS-S-527696,G4,المعادي,,Physical-DS-G838,
DEMIS-S-527697,G4,الأقصر,,Physical-DS-G57,
DEMIS-S-527698,G4,دمنهور,,Physical-DS-G219,
DEMIS-S-527699,G6,الدقي,,Physical-DS-G337,
DEMIS-S-527700,G5,6 أكتوبر,,Physical-DS-G287,
DEMIS-S-527701,G5,الهرم,,Physical-DS-G408,
DEMIS-S-527702,G4,شبرا الخيمة,,Physical-DS-G1071,
DEMIS-S-527703,G4,الشروق,,Physical-DS-G760,
DEMIS-S-527704,G5,العمرانية,,Physical-DS-G365,
DEMIS-S-527705,G6,المعادي,,Physical-DS-G838,
DEMIS-S-527706,G4,القاهرة الجديدة,,Physical-DS-G797,
DEMIS-S-527707,G5,العامرية,,Physical-DS-G95,
DEMIS-S-527708,G5,القاهرة الجديدة,,Physical-DS-G821,
DEMIS-S-527709,G4,الشيخ زايد,,Physical-DS-G339,
DEMIS-S-527710,G5,المنيب,,Physical-DS-G379,
DEMIS-S-527711,G5,دمياط,,Physical-DS-G1275,
DEMIS-S-527712,G4,6 أكتوبر,,Physical-DS-G258,
DEMIS-S-527713,G6,المنتزة ثان,,Physical-DS-G126,
DEMIS-S-527714,G5,القاهرة الجديدة,,Physical-DS-G821,
DEMIS-S-527715,G5,فيصل,,Physical-DS-G452,
DEMIS-S-527716,G5,أول المنتزة,,Physical-DS-G80,
DEMIS-S-527717,G4,دمياط,,Physical-DS-G1275,
DEMIS-S-527718,G5,سوهاج,,Physical-DS-G1313,
DEMIS-S-527719,G5,الهرم,,Physical-DS-G408,
DEMIS-S-527720,G4,حي شرق,,Physical-DS-G133,
DEMIS-S-527721,G5,الهرم,,Physical-DS-G408,
DEMIS-S-527722,G4,حي وسط,,Physical-DS-G158,
DEMIS-S-527723,G5,المنيا,,Physical-DS-G1198,
DEMIS-S-527724,G6,دمنهور,,Physical-DS-G238,
DEMIS-S-527725,G4,عجمي,,Physical-DS-G172,
DEMIS-S-527726,G5,حي وسط,,Physical-DS-G166,
DEMIS-S-527727,G4,بورسعيد,,Physical-DS-G1247,
DEMIS-S-527728,G5,العريش,,Physical-DS-G1335,
DEMIS-S-527729,G4,سوهاج,,Physical-DS-G1297,
DEMIS-S-527730,G4,طنطا,,Physical-DS-G640,
DEMIS-S-527731,G4,المنتزة ثان,,Physical-DS-G102,
DEMIS-S-527732,G5,السلام,,Physical-DS-G741,
DEMIS-S-527733,G5,الهرم,,Physical-DS-G408,
DEMIS-S-527734,G6,العاشر من رمضان,,Physical-DS-G588,
DEMIS-S-527735,G4,السلام,,Physical-DS-G718,
DEMIS-S-527736,G4,العبور,,Physical-DS-G1029,
DEMIS-S-527737,G6,بركة السبع,,Physical-DS-G1139,
DEMIS-S-527738,G5,السويس,,Physical-DS-G539,
DEMIS-S-527739,G6,السلام,,Physical-DS-G754,
DEMIS-S-527740,G4,القاهرة الجديدة,,Physical-DS-G797,
DEMIS-S-527741,G6,مصر الجديدة,,Physical-DS-G1013,
DEMIS-S-527742,G4,طنطا,,Physical-DS-G640,
DEMIS-S-527743,G6,أسيوط,,Physical-DS-G39,
DEMIS-S-527744,G6,سوهاج,,Physical-DS-G1323,
DEMIS-S-527745,G5,المنيا,,Physical-DS-G1187,
DEMIS-S-527746,G4,الغردقة,,Physical-DS-G207,
DEMIS-S-527747,G4,العاشر من رمضان,,Physical-DS-G576,
DEMIS-S-527748,G4,سوهاج,,Physical-DS-G1297,
DEMIS-S-527749,G6,العمرانية,,Physical-DS-G370,
DEMIS-S-527750,G5,مصر الجديدة,,Physical-DS-G1006,
DEMIS-S-527751,G4,إمبابة,,Physical-DS-G306,
DEMIS-S-527752,G4,وسط البلد,,Physical-DS-G1016,
DEMIS-S-527753,G4,بنى سويف,,Physical-DS-G1220,
DEMIS-S-527754,G4,دمنهور,,Physical-DS-G219,
DEMIS-S-527755,G6,الهرم,,Physical-DS-G420,
DEMIS-S-527756,G6,أسيوط,,Physical-DS-G39,
DEMIS-S-527757,G4,الشروق,,Physical-DS-G760,
DEMIS-S-527758,G6,أسوان,,Physical-DS-G8,
DEMIS-S-527759,G6,ميت غمر,,Physical-DS-G525,
DEMIS-S-527760,G6,ميت غمر,,Physical-DS-G525,
DEMIS-S-527761,G4,الإسماعيلية,,Physical-DS-G191,
DEMIS-S-527762,G4,بورسعيد,,Physical-DS-G1247,
DEMIS-S-527763,G4,الفيوم,,Physical-DS-G681,
DEMIS-S-527764,G4,القاهرة الجديدة,,Physical-DS-G797,
DEMIS-S-527765,G6,15 مايو,,Physical-DS-G717,
DEMIS-S-527766,G6,ميت غمر,,Physical-DS-G525,
DEMIS-S-527767,G5,شبرا الخيمة,,Physical-DS-G1087,
DEMIS-S-527768,G5,المعادي,,Physical-DS-G864,
DEMIS-S-527769,G5,الفيوم,,Physical-DS-G693,
DEMIS-S-527770,G4,وسط البلد,,Physical-DS-G1016,
DEMIS-S-527771,G4,السلام,,Physical-DS-G718,
DEMIS-S-527772,G4,بنى سويف,,Physical-DS-G1220,
DEMIS-S-527773,G4,المنتزة ثان,,Physical-DS-G102,
DEMIS-S-527774,G6,طنطا,,Physical-DS-G673,
DEMIS-S-527775,G4,دسوق,,Physical-DS-G1361,
DEMIS-S-527776,G4,العباسية,,Physical-DS-G789,
DEMIS-S-527777,G6,بنى سويف,,Physical-DS-G1235,
DEMIS-S-527778,G5,المعادي,,Physical-DS-G864,
DEMIS-S-527779,G5,عجمي,,Physical-DS-G183,
DEMIS-S-527780,G4,أسيوط,,Physical-DS-G14,
DEMIS-S-527781,G5,حلوان,,Physical-DS-G912,
DEMIS-S-527782,G6,15 مايو,,Physical-DS-G717,
DEMIS-S-527783,G6,قنا,,Physical-DS-G1350,
DEMIS-S-527784,G5,شبرا الخيمة,,Physical-DS-G1071,
DEMIS-S-527785,G5,شبين الكوم,,Physical-DS-G1163,
DEMIS-S-527786,G4,شبين القناطر,,Physical-DS-G1100,
DEMIS-S-527787,G4,أسيوط,,Physical-DS-G14,
DEMIS-S-527788,G6,عجمي,,Physical-DS-G188,
DEMIS-S-527789,G4,السلام,,Physical-DS-G718,
DEMIS-S-527790,G5,دسوق,,Physical-DS-G1366,
DEMIS-S-527791,G4,ملوي,,Physical-DS-G1208,
DEMIS-S-527792,G4,وسط البلد,,Physical-DS-G1016,
DEMIS-S-527793,G4,بركة السبع,,Physical-DS-G1139,
DEMIS-S-527794,G4,قنا,,Physical-DS-G1337,
DEMIS-S-527795,G4,الإسماعيلية,,Physical-DS-G191,
DEMIS-S-527796,G4,السلام,,Physical-DS-G718,
DEMIS-S-527797,G5,6 أكتوبر,,Physical-DS-G287,
DEMIS-S-527798,G4,دمنهور,,Physical-DS-G219,
DEMIS-S-527799,G4,السلام,,Physical-DS-G718,
DEMIS-S-527800,G6,شبين الكوم,,Physical-DS-G1171,
DEMIS-S-527801,G5,فاقوس,,Physical-DS-G605,
DEMIS-S-527802,G5,شبرا الخيمة,,Physical-DS-G1087,
DEMIS-S-527803,G4,السلام,,Physical-DS-G718,
DEMIS-S-527804,G4,القاهرة الجديدة,,Physical-DS-G797,
DEMIS-S-527805,G4,سنورس,,Physical-DS-G705,
DEMIS-S-527806,G5,السادات,,Physical-DS-G1131,
DEMIS-S-527807,G5,طنطا,,Physical-DS-G661,
DEMIS-S-527808,G4,مدينة نصر,,Physical-DS-G945,
DEMIS-S-527809,G5,إمبابة,,Physical-DS-G317,
DEMIS-S-527810,G4,العمرانية,,Physical-DS-G354,
DEMIS-S-527811,G4,حي شرق,,Physical-DS-G133,
DEMIS-S-527812,G4,إمبابة,,Physical-DS-G306,
DEMIS-S-527813,G5,طنطا,,Physical-DS-G661,
DEMIS-S-527814,G4,المنيا,,Physical-DS-G1187,
DEMIS-S-527815,G4,الغردقة,,Physical-DS-G207,
DEMIS-S-527816,G5,سنورس,,Physical-DS-G707,
DEMIS-S-527817,G5,سوهاج,,Physical-DS-G1313,
DEMIS-S-527818,G6,فاقوس,,Physical-DS-G609,
DEMIS-S-527819,G5,الشروق,,Physical-DS-G778,
DEMIS-S-527820,G5,ميت غمر,,Physical-DS-G509,
DEMIS-S-527821,G6,حلوان,,Physical-DS-G920,
DEMIS-S-527822,G4,شبرا,,Physical-DS-G923,
DEMIS-S-527823,G4,السويس,,Physical-DS-G534,
DEMIS-S-527824,G5,6 أكتوبر,,Physical-DS-G287,
DEMIS-S-527825,G6,السلام,,Physical-DS-G754,
DEMIS-S-527826,G5,المنتزة ثان,,Physical-DS-G119,
DEMIS-S-527827,G5,كفر الشيخ,,Physical-DS-G1377,
DEMIS-S-527828,G6,طنطا,,Physical-DS-G673,
DEMIS-S-527829,G5,دمنهور,,Physical-DS-G232,
DEMIS-S-527830,G4,القاهرة الجديدة,,Physical-DS-G797,
DEMIS-S-527831,G5,6 أكتوبر,,Physical-DS-G287,
DEMIS-S-527832,G5,العبور,,Physical-DS-G1042,
DEMIS-S-527833,G4,العبور,,Physical-DS-G1029,
DEMIS-S-527834,G4,السلام,,Physical-DS-G718,
DEMIS-S-527835,G4,الفيوم,,Physical-DS-G681,
DEMIS-S-527836,G6,ميت غمر,,Physical-DS-G525,
DEMIS-S-527837,G4,دسوق,,Physical-DS-G1361,
DEMIS-S-527838,G4,شبين الكوم,,Physical-DS-G1147,
DEMIS-S-527839,G4,دمنهور,,Physical-DS-G219,
DEMIS-S-527840,G5,طنطا,,Physical-DS-G661,
DEMIS-S-527841,G6,شبراخيت,,Physical-DS-G254,
DEMIS-S-527842,G6,العبور,,Physical-DS-G1048,
DEMIS-S-527843,G5,دسوق,,Physical-DS-G1366,
DEMIS-S-527844,G6,المنيا,,Physical-DS-G1205,
DEMIS-S-527845,G5,شبرا الخيمة,,Physical-DS-G1087,
DEMIS-S-527846,G5,شبرا الخيمة,,Physical-DS-G1071,
DEMIS-S-527847,G6,قنا,,Physical-DS-G1350,
DEMIS-S-527848,G4,السلام,,Physical-DS-G718,
DEMIS-S-527849,G5,الفيوم,,Physical-DS-G693,
DEMIS-S-527850,G5,بوش,,Physical-DS-G1242,
DEMIS-S-527851,G5,مصر الجديدة,,Physical-DS-G990,
DEMIS-S-527852,G5,الفيوم,,Physical-DS-G693,
DEMIS-S-527853,G4,عجمي,,Physical-DS-G172,
DEMIS-S-527854,G5,حي شرق,,Physical-DS-G147,
DEMIS-S-527855,G4,شبرا,,Physical-DS-G923,
DEMIS-S-527856,G5,ميت غمر,,Physical-DS-G509,
DEMIS-S-527857,G5,عجمي,,Physical-DS-G183,
DEMIS-S-527858,G6,الشروق,,Physical-DS-G786,
DEMIS-S-527859,G4,الشروق,,Physical-DS-G760,
DEMIS-S-527860,G4,دمنهور,,Physical-DS-G219,
DEMIS-S-527861,G6,الدقي,,Physical-DS-G337,
DEMIS-S-527862,G4,6 أكتوبر,,Physical-DS-G258,
DEMIS-S-527863,G6,أول المنتزة,,Physical-DS-G84,
DEMIS-S-527864,G4,المنصورة,,Physical-DS-G462,
DEMIS-S-527865,G4,الشيخ زايد,,Physical-DS-G339,
DEMIS-S-527866,G4,مصر الجديدة,,Physical-DS-G990,
DEMIS-S-527867,G4,المحلة الكبرى,,Physical-DS-G612,
DEMIS-S-527868,G4,أول المنتزة,,Physical-DS-G70,
DEMIS-S-527869,G4,الشيخ زايد,,Physical-DS-G339,
DEMIS-S-527870,G4,الهرم,,Physical-DS-G387,
DEMIS-S-527871,G4,بنها,,Physical-DS-G1051,
DEMIS-S-527872,G5,شبرا الخيمة,,Physical-DS-G1087,
DEMIS-S-527873,G4,المنتزة ثان,,Physical-DS-G102,
DEMIS-S-527874,G4,الشروق,,Physical-DS-G760,
DEMIS-S-527875,G4,الشروق,,Physical-DS-G760,
DEMIS-S-527876,G5,حي شرق,,Physical-DS-G147,
DEMIS-S-527877,G5,15 مايو,,Physical-DS-G715,
DEMIS-S-527878,G4,القاهرة الجديدة,,Physical-DS-G797,
DEMIS-S-527879,G4,عجمي,,Physical-DS-G172,
DEMIS-S-527880,G4,أسيوط,,Physical-DS-G14,
DEMIS-S-527881,G4,6 أكتوبر,,Physical-DS-G258,
DEMIS-S-527882,G5,أشمون,,Physical-DS-G1121,
DEMIS-S-527883,G5,الغردقة,,Physical-DS-G214,
DEMIS-S-527884,G4,شبرا,,Physical-DS-G923,
DEMIS-S-527885,G4,الشيخ زايد,,Physical-DS-G339,
DEMIS-S-527886,G5,بورسعيد,,Physical-DS-G1254,
DEMIS-S-527887,G6,ميت غمر,,Physical-DS-G525,
DEMIS-S-527888,G4,المعادي,,Physical-DS-G838,
DEMIS-S-527889,G4,الفيوم,,Physical-DS-G681,
DEMIS-S-527890,G5,حدائق القبة,,Physical-DS-G888,
DEMIS-S-527891,G4,شبرا الخيمة,,Physical-DS-G1071,
DEMIS-S-527892,G6,الدقي,,Physical-DS-G326,
DEMIS-S-527893,G4,عجمي,,Physical-DS-G172,
DEMIS-S-527894,G5,المنصورة,,Physical-DS-G474,
DEMIS-S-527895,G5,وسط البلد,,Physical-DS-G1016,
DEMIS-S-527896,G4,الشيخ زايد,,Physical-DS-G339,
DEMIS-S-527897,G4,الشروق,,Physical-DS-G760,
DEMIS-S-527898,G4,شرم الشيخ,,Physical-DS-G1271,
DEMIS-S-527899,G4,شبرا الخيمة,,Physical-DS-G1071,
DEMIS-S-527900,G5,الفيوم,,Physical-DS-G693,
DEMIS-S-527901,G4,دسوق,,Physical-DS-G1361,
DEMIS-S-527902,G4,المنصورة,,Physical-DS-G462,
DEMIS-S-527903,G6,القاهرة الجديدة,,Physical-DS-G833,
DEMIS-S-527904,G5,ميت غمر,,Physical-DS-G509,
DEMIS-S-527905,G5,وسط البلد,,Physical-DS-G1023,
DEMIS-S-527906,G4,العمرانية,,Physical-DS-G354,
DEMIS-S-527907,G5,بنها,,Physical-DS-G1061,
DEMIS-S-527908,G4,بورفؤاد,,Physical-DS-G1261,
DEMIS-S-527909,G4,المنيا,,Physical-DS-G1187,
DEMIS-S-527910,G4,شبرا,,Physical-DS-G923,
DEMIS-S-527911,G4,حي شرق,,Physical-DS-G133,
DEMIS-S-527912,G6,مدينة نصر,,Physical-DS-G985,
DEMIS-S-527913,G6,6 أكتوبر,,Physical-DS-G301,
DEMIS-S-527914,G4,حي شرق,,Physical-DS-G133,
DEMIS-S-527915,G4,إمبابة,,Physical-DS-G306,
DEMIS-S-527916,G5,أسيوط,,Physical-DS-G31,
DEMIS-S-527917,G4,الشروق,,Physical-DS-G760,
DEMIS-S-527918,G5,المنتزة ثان,,Physical-DS-G119,
DEMIS-S-527919,G4,نجع حمادي,,Physical-DS-G1356,
DEMIS-S-527920,G4,الإسماعيلية,,Physical-DS-G191,
DEMIS-S-527921,G4,حدائق الأهرام,,Physical-DS-G426,
DEMIS-S-527922,G4,إمبابة,,Physical-DS-G306,
DEMIS-S-527923,G6,عجمي,,Physical-DS-G188,
DEMIS-S-527924,G4,العبور,,Physical-DS-G1029,
DEMIS-S-527925,G4,الهرم,,Physical-DS-G387,
DEMIS-S-527926,G4,السلام,,Physical-DS-G718,
DEMIS-S-527927,G5,العباسية,,Physical-DS-G794,
DEMIS-S-527928,G4,دمياط,,Physical-DS-G1275,
DEMIS-S-527929,G5,مدينة نصر,,Physical-DS-G971,
DEMIS-S-527930,G6,دسوق,,Physical-DS-G1369,
DEMIS-S-527931,G4,قنا,,Physical-DS-G1337,
DEMIS-S-527932,G5,أول المنتزة,,Physical-DS-G80,
DEMIS-S-527933,G4,طنطا,,Physical-DS-G640,
DEMIS-S-527934,G4,سوهاج,,Physical-DS-G1297,
DEMIS-S-527935,G4,الشيخ زايد,,Physical-DS-G339,
DEMIS-S-527936,G5,العاشر من رمضان,,Physical-DS-G584,
DEMIS-S-527937,G4,6 أكتوبر,,Physical-DS-G258,
DEMIS-S-527938,G6,بنها,,Physical-DS-G1067,
DEMIS-S-527939,G4,مدينة نصر,,Physical-DS-G945,
DEMIS-S-527940,G4,طنطا,,Physical-DS-G640,
DEMIS-S-527941,G4,دسوق,,Physical-DS-G1361,
DEMIS-S-527942,G4,العمرانية,,Physical-DS-G354,
DEMIS-S-527943,G5,حلوان,,Physical-DS-G912,
DEMIS-S-527944,G4,السلام,,Physical-DS-G718,
DEMIS-S-527945,G5,بنها,,Physical-DS-G1061,
DEMIS-S-527946,G5,حي وسط,,Physical-DS-G166,
DEMIS-S-527947,G4,حي شرق,,Physical-DS-G133,
DEMIS-S-527948,G6,القاهرة الجديدة,,Physical-DS-G833,
DEMIS-S-527949,G5,6 أكتوبر,,Physical-DS-G259,
DEMIS-S-527950,G4,العاشر من رمضان,,Physical-DS-G576,
DEMIS-S-527951,G4,عجمي,,Physical-DS-G172,
DEMIS-S-527952,G6,طنطا,,Physical-DS-G641,
DEMIS-S-527953,G5,العامرية,,Physical-DS-G86,
DEMIS-S-527954,G4,العاشر من رمضان,,Physical-DS-G576,
DEMIS-S-527955,G5,الشروق,,Physical-DS-G778,
DEMIS-S-527956,G5,ميت غمر,,Physical-DS-G509,
DEMIS-S-527957,G4,طنطا,,Physical-DS-G641,
DEMIS-S-527958,G4,بركة السبع,,Physical-DS-G1139,
DEMIS-S-527959,G4,الشروق,,Physical-DS-G760,
DEMIS-S-527960,G4,الزقازيق,,Physical-DS-G544,
DEMIS-S-527961,G4,وسط البلد,,Physical-DS-G1016,
DEMIS-S-527962,G4,السلام,,Physical-DS-G719,
DEMIS-S-527963,G4,6 أكتوبر,,Physical-DS-G259,
DEMIS-S-527964,G4,المنتزة ثان,,Physical-DS-G102,
DEMIS-S-527965,G5,الشروق,,Physical-DS-G778,
DEMIS-S-527966,G4,فيصل,,Physical-DS-G438,
DEMIS-S-527967,G5,الهرم,,Physical-DS-G408,
DEMIS-S-527968,G5,العمرانية,,Physical-DS-G365,
DEMIS-S-527969,G4,طنطا,,Physical-DS-G641,
DEMIS-S-527970,G4,عجمي,,Physical-DS-G172,
DEMIS-S-527971,G4,القاهرة الجديدة,,Physical-DS-G797,
DEMIS-S-527972,G4,بورسعيد,,Physical-DS-G1247,
DEMIS-S-527973,G5,وسط البلد,,Physical-DS-G1023,
DEMIS-S-527974,G5,بورسعيد,,Physical-DS-G1254,
DEMIS-S-527975,G5,حي شرق,,Physical-DS-G147,
DEMIS-S-527976,G5,العمرانية,,Physical-DS-G365,
DEMIS-S-527977,G4,مصر الجديدة,,Physical-DS-G990,
DEMIS-S-527978,G4,شبرا,,Physical-DS-G923,
DEMIS-S-527979,G5,المعادي,,Physical-DS-G864,
DEMIS-S-527980,G4,الهرم,,Physical-DS-G387,
DEMIS-S-527981,G4,المعادي,,Physical-DS-G838,
DEMIS-S-527982,G5,حي شرق,,Physical-DS-G147,
DEMIS-S-527983,G5,العبور,,Physical-DS-G1042,
DEMIS-S-527984,G5,المعادي,,Physical-DS-G864,
DEMIS-S-527985,G4,فيصل,,Physical-DS-G438,
DEMIS-S-527986,G4,الإسماعيلية,,Physical-DS-G191,
DEMIS-S-527987,G4,الغردقة,,Physical-DS-G207,
DEMIS-S-527988,G4,طنطا,,Physical-DS-G641,
DEMIS-S-527989,G4,15 مايو,,Physical-DS-G709,
DEMIS-S-527990,G4,شبرا,,Physical-DS-G923,
DEMIS-S-527991,G4,بورسعيد,,Physical-DS-G1247,
DEMIS-S-527992,G4,الزقازيق,,Physical-DS-G544,
DEMIS-S-527993,G5,أسوان,,Physical-DS-G5,
DEMIS-S-527994,G4,السلام,,Physical-DS-G719,
DEMIS-S-527995,G4,بنى سويف,,Physical-DS-G1220,
DEMIS-S-527996,G4,15 مايو,,Physical-DS-G709,
DEMIS-S-527997,G4,مصر الجديدة,,Physical-DS-G990,
DEMIS-S-527998,G4,6 أكتوبر,,Physical-DS-G259,
DEMIS-S-527999,G6,فيصل,,Physical-DS-G459,
DEMIS-S-528000,G4,حي وسط,,Physical-DS-G158,
DEMIS-S-528001,G6,حي وسط,,Physical-DS-G158,
DEMIS-S-528002,G5,عجمي,,Physical-DS-G183,
DEMIS-S-528003,G4,السلام,,Physical-DS-G719,
DEMIS-S-528004,G5,الشروق,,Physical-DS-G778,
DEMIS-S-528005,G4,دمنهور,,Physical-DS-G219,
DEMIS-S-528006,G4,الشروق,,Physical-DS-G760,
DEMIS-S-528007,G5,المعادي,,Physical-DS-G864,
DEMIS-S-528008,G6,السادات,,Physical-DS-G1134,
DEMIS-S-528009,G5,طنطا,,Physical-DS-G661,
DEMIS-S-528010,G5,المعادي,,Physical-DS-G864,
DEMIS-S-528011,G5,طنطا,,Physical-DS-G661,
DEMIS-S-528012,G4,6 أكتوبر,,Physical-DS-G259,
DEMIS-S-528013,G4,قليوب,,Physical-DS-G1110,
DEMIS-S-528014,G5,إدفو,,Physical-DS-G12,
DEMIS-S-528015,G5,حدائق الأهرام,,Physical-DS-G432,
DEMIS-S-528016,G4,شبين الكوم,,Physical-DS-G1147,
DEMIS-S-528017,G6,أسيوط,,Physical-DS-G39,
DEMIS-S-528018,G4,شبين القناطر,,Physical-DS-G1100,
DEMIS-S-528019,G5,شبين القناطر,,Physical-DS-G1105,
DEMIS-S-528020,G5,أسوان,,Physical-DS-G5,
DEMIS-S-528021,G4,برج العرب,,Physical-DS-G129,
DEMIS-S-528022,G4,مرسى مطروح,,Physical-DS-G1383,
DEMIS-S-528023,G4,المحلة الكبرى,,Physical-DS-G612,
DEMIS-S-528024,G4,الزقازيق,,Physical-DS-G544,
DEMIS-S-528025,G4,الفيوم,,Physical-DS-G681,
DEMIS-S-528026,G4,المنيا,,Physical-DS-G1187,
DEMIS-S-528027,G4,الأقصر,,Physical-DS-G57,
DEMIS-S-528028,G6,سوهاج,,Physical-DS-G1323,
DEMIS-S-528029,G4,الغردقة,,Physical-DS-G207,
DEMIS-S-528030,G6,شبين الكوم,,Physical-DS-G1171,
DEMIS-S-528031,G5,طهطا,,Physical-DS-G1330,
DEMIS-S-528032,G5,الهرم,,Physical-DS-G408,
DEMIS-S-528033,G5,شبين الكوم,,Physical-DS-G1163,
DEMIS-S-528034,G4,سوهاج,,Physical-DS-G1297,
DEMIS-S-528035,G5,سوهاج,,Physical-DS-G1313,
DEMIS-S-528036,G5,شبرا الخيمة,,Physical-DS-G1087,
DEMIS-S-528037,G5,مدينة نصر,,Physical-DS-G971,
DEMIS-S-528038,G6,السلام,,Physical-DS-G754,
DEMIS-S-528039,G4,ميت غمر,,Physical-DS-G484,
DEMIS-S-528040,G5,الشروق,,Physical-DS-G778,
DEMIS-S-528041,G5,سوهاج,,Physical-DS-G1297,
DEMIS-S-528042,G4,6 أكتوبر,,Physical-DS-G259,
DEMIS-S-528043,G4,سوهاج,,Physical-DS-G1297,
DEMIS-S-528044,G4,دسوق,,Physical-DS-G1361,
DEMIS-S-528045,G4,المنيا,,Physical-DS-G1187,
DEMIS-S-528046,G4,فيصل,,Physical-DS-G438,
DEMIS-S-528047,G5,المنتزة ثان,,Physical-DS-G119,
DEMIS-S-528048,G6,دمنهور,,Physical-DS-G219,
DEMIS-S-528049,G6,6 أكتوبر,,Physical-DS-G259,
DEMIS-S-528050,G6,العريش,,Physical-DS-G1336,
DEMIS-S-528051,G5,المنتزة ثان,,Physical-DS-G119,
DEMIS-S-528052,G6,السلام,,Physical-DS-G719,
DEMIS-S-528053,G4,إمبابة,,Physical-DS-G306,
DEMIS-S-528054,G4,شبين القناطر,,Physical-DS-G1100,
DEMIS-S-528055,G4,مصر الجديدة,,Physical-DS-G990,
DEMIS-S-528056,G4,أول المنتزة,,Physical-DS-G70,
DEMIS-S-528057,G4,العبور,,Physical-DS-G1029,
DEMIS-S-528058,G4,وسط البلد,,Physical-DS-G1016,
DEMIS-S-528059,G4,شبين القناطر,,Physical-DS-G1100,
DEMIS-S-528060,G5,العامرية,,Physical-DS-G95,
DEMIS-S-528061,G4,العمرانية,,Physical-DS-G354,
DEMIS-S-528062,G6,الشيخ زايد,,Physical-DS-G352,
DEMIS-S-528063,G4,المعادي,,Physical-DS-G838,
DEMIS-S-528064,G4,شبين الكوم,,Physical-DS-G1147,
DEMIS-S-528065,G5,شبراخيت,,Physical-DS-G250,
DEMIS-S-528066,G4,قليوب,,Physical-DS-G1110,
DEMIS-S-528067,G4,القاهرة الجديدة,,Physical-DS-G797,
DEMIS-S-528068,G6,مدينة نصر,,Physical-DS-G985,
DEMIS-S-528069,G4,6 أكتوبر,,Physical-DS-G259,
DEMIS-S-528070,G4,العبور,,Physical-DS-G1029,
DEMIS-S-528071,G5,6 أكتوبر,,Physical-DS-G287,
DEMIS-S-528072,G4,أسوان,,Physical-DS-G1,
DEMIS-S-528073,G4,سوهاج,,Physical-DS-G1297,
DEMIS-S-528074,G4,بورسعيد,,Physical-DS-G1247,
DEMIS-S-528075,G4,الغردقة,,Physical-DS-G207,
DEMIS-S-528076,G5,الهرم,,Physical-DS-G408,
DEMIS-S-528077,G6,مدينة نصر,,Physical-DS-G985,
DEMIS-S-528078,G4,بنى سويف,,Physical-DS-G1220,
DEMIS-S-528079,G6,المعادي,,Physical-DS-G876,
DEMIS-S-528080,G4,المعادي,,Physical-DS-G839,
DEMIS-S-528081,G4,مصر الجديدة,,Physical-DS-G990,
DEMIS-S-528082,G4,العبور,,Physical-DS-G1029,
DEMIS-S-528083,G4,المعادي,,Physical-DS-G839,
DEMIS-S-528084,G5,أسوان,,Physical-DS-G5,
DEMIS-S-528085,G6,بلبيس,,Physical-DS-G597,
DEMIS-S-528086,G4,سمنود,,Physical-DS-G627,
DEMIS-S-528087,G4,المنتزة ثان,,Physical-DS-G103,
DEMIS-S-528088,G4,طنطا,,Physical-DS-G641,
DEMIS-S-528089,G4,المعادي,,Physical-DS-G839,
DEMIS-S-528090,G5,المنيا,,Physical-DS-G1187,
DEMIS-S-528091,G6,الأقصر,,Physical-DS-G67,
DEMIS-S-528092,G4,القاهرة الجديدة,,Physical-DS-G797,
DEMIS-S-528093,G6,السويس,,Physical-DS-G542,
DEMIS-S-528094,G6,الأقصر,,Physical-DS-G67,
DEMIS-S-528095,G6,قوص,,Physical-DS-G1355,
DEMIS-S-528096,G4,السلام,,Physical-DS-G719,
DEMIS-S-528097,G5,سوهاج,,Physical-DS-G1313,
DEMIS-S-528098,G5,شبرا,,Physical-DS-G937,
DEMIS-S-528099,G5,الشروق,,Physical-DS-G778,
DEMIS-S-528100,G5,شبين الكوم,,Physical-DS-G1163,
DEMIS-S-528101,G4,أسيوط,,Physical-DS-G14,
DEMIS-S-528102,G4,حدائق الأهرام,,Physical-DS-G426,
DEMIS-S-528103,G4,نجع حمادي,,Physical-DS-G1356,
DEMIS-S-528104,G4,طنطا,,Physical-DS-G641,
DEMIS-S-528105,G5,المنيا,,Physical-DS-G1198,
DEMIS-S-528106,G5,6 أكتوبر,,Physical-DS-G287,
DEMIS-S-528107,G4,المنيا,,Physical-DS-G1187,
DEMIS-S-528108,G4,الزقازيق,,Physical-DS-G544,
DEMIS-S-528109,G4,الهرم,,Physical-DS-G387,
DEMIS-S-528110,G4,الغردقة,,Physical-DS-G207,
DEMIS-S-528111,G4,الفيوم,,Physical-DS-G681,
DEMIS-S-528112,G4,دمنهور,,Physical-DS-G219,
DEMIS-S-528113,G6,ميت غمر,,Physical-DS-G525,
DEMIS-S-528114,G5,حلوان,,Physical-DS-G895,
DEMIS-S-528115,G4,مصر الجديدة,,Physical-DS-G990,
DEMIS-S-528116,G4,أشمون,,Physical-DS-G1117,
DEMIS-S-528117,G4,بنى سويف,,Physical-DS-G1220,
DEMIS-S-528118,G4,الزقازيق,,Physical-DS-G544,
DEMIS-S-528119,G4,حي وسط,,Physical-DS-G158,
DEMIS-S-528120,G6,بلبيس,,Physical-DS-G597,
DEMIS-S-528121,G5,الهرم,,Physical-DS-G408,
DEMIS-S-528122,G6,السادات,,Physical-DS-G1134,
DEMIS-S-528123,G4,مدينة نصر,,Physical-DS-G945,
DEMIS-S-528124,G4,حي شرق,,Physical-DS-G133,
DEMIS-S-528125,G5,المنيب,,Physical-DS-G373,
DEMIS-S-528126,G4,ميت غمر,,Physical-DS-G484,
DEMIS-S-528127,G6,إمبابة,,Physical-DS-G323,
DEMIS-S-528128,G4,فيصل,,Physical-DS-G438,
DEMIS-S-528129,G4,وسط البلد,,Physical-DS-G1016,
DEMIS-S-528130,G5,شبين الكوم,,Physical-DS-G1163,
DEMIS-S-528131,G5,فيصل,,Physical-DS-G452,
DEMIS-S-528132,G4,وسط البلد,,Physical-DS-G1016,
DEMIS-S-528133,G5,دمنهور,,Physical-DS-G232,
DEMIS-S-528134,G6,الأقصر,,Physical-DS-G67,
DEMIS-S-528135,G4,السلام,,Physical-DS-G719,
DEMIS-S-528136,G5,أسيوط,,Physical-DS-G31,
DEMIS-S-528137,G5,حدائق الأهرام,,Physical-DS-G432,
DEMIS-S-528138,G5,المنيب,,Physical-DS-G379,
DEMIS-S-528139,G4,شبرا الخيمة,,Physical-DS-G1071,
DEMIS-S-528140,G4,المعادي,,Physical-DS-G839,
DEMIS-S-528141,G6,فيصل,,Physical-DS-G459,
DEMIS-S-528142,G4,بوش,,Physical-DS-G1238,
DEMIS-S-528143,G6,سمنود,,Physical-DS-G637,
DEMIS-S-528144,G4,سوهاج,,Physical-DS-G1297,
DEMIS-S-528145,G4,سوهاج,,Physical-DS-G1297,
DEMIS-S-528146,G6,أسوان,,Physical-DS-G8,
DEMIS-S-528147,G6,بنى سويف,,Physical-DS-G1220,
DEMIS-S-528148,G5,حلوان,,Physical-DS-G912,
DEMIS-S-528149,G5,الزقازيق,,Physical-DS-G560,
DEMIS-S-528150,G4,المنيا,,Physical-DS-G1187,
DEMIS-S-528151,G4,الهرم,,Physical-DS-G387,
DEMIS-S-528152,G4,مصر الجديدة,,Physical-DS-G990,
DEMIS-S-528153,G4,قنا,,Physical-DS-G1337,
DEMIS-S-528154,G5,قنا,,Physical-DS-G1345,
DEMIS-S-528155,G6,الهرم,,Physical-DS-G387,
DEMIS-S-528156,G4,الزقازيق,,Physical-DS-G544,
DEMIS-S-528157,G4,قويسنا,,Physical-DS-G1176,
DEMIS-S-528158,G5,حلوان,,Physical-DS-G912,
DEMIS-S-528159,G4,6 أكتوبر,,Physical-DS-G259,
DEMIS-S-528160,G5,قنا,,Physical-DS-G1345,
DEMIS-S-528161,G4,حي شرق,,Physical-DS-G133,
DEMIS-S-528162,G5,15 مايو,,Physical-DS-G715,
DEMIS-S-528163,G4,دمنهور,,Physical-DS-G219,
DEMIS-S-528164,G5,أسوان,,Physical-DS-G5,
DEMIS-S-528165,G5,6 أكتوبر,,Physical-DS-G287,
DEMIS-S-528166,G4,أسوان,,Physical-DS-G1,
DEMIS-S-528167,G5,السلام,,Physical-DS-G741,
DEMIS-S-528168,G5,مصر الجديدة,,Physical-DS-G1006,
DEMIS-S-528169,G5,شبين الكوم,,Physical-DS-G1163,
DEMIS-S-528170,G4,15 مايو,,Physical-DS-G709,
DEMIS-S-528171,G5,القاهرة الجديدة,,Physical-DS-G821,
DEMIS-S-528172,G5,فيصل,,Physical-DS-G452,
DEMIS-S-528173,G4,قويسنا,,Physical-DS-G1176,
DEMIS-S-528174,G4,القاهرة الجديدة,,Physical-DS-G797,
DEMIS-S-528175,G6,السلام,,Physical-DS-G754,
DEMIS-S-528176,G6,القاهرة الجديدة,,Physical-DS-G833,
DEMIS-S-528177,G4,حلوان,,Physical-DS-G895,
DEMIS-S-528178,G5,طنطا,,Physical-DS-G673,
DEMIS-S-528179,G4,القاهرة الجديدة,,Physical-DS-G797,
DEMIS-S-528180,G5,المنتزة ثان,,Physical-DS-G103,
DEMIS-S-528181,G4,قنا,,Physical-DS-G1337,
DEMIS-S-528182,G6,وسط البلد,,Physical-DS-G1027,
DEMIS-S-528183,G4,المحلة الكبرى,,Physical-DS-G612,
DEMIS-S-528184,G5,بنى سويف,,Physical-DS-G1230,
DEMIS-S-528185,G5,إدفو,,Physical-DS-G12,
DEMIS-S-528186,G4,حلوان,,Physical-DS-G895,
DEMIS-S-528187,G4,بوش,,Physical-DS-G1238,
DEMIS-S-528188,G6,الدقي,,Physical-DS-G326,
DEMIS-S-528189,G5,حدائق القبة,,Physical-DS-G888,
DEMIS-S-528190,G4,دمياط,,Physical-DS-G1275,
DEMIS-S-528191,G5,سوهاج,,Physical-DS-G1313,
DEMIS-S-528192,G5,السادات,,Physical-DS-G1131,
DEMIS-S-528193,G4,فيصل,,Physical-DS-G438,
DEMIS-S-528194,G4,قليوب,,Physical-DS-G1110,
DEMIS-S-528195,G5,أسيوط,,Physical-DS-G31,
DEMIS-S-528196,G5,السلام,,Physical-DS-G741,
DEMIS-S-528197,G5,طنطا,,Physical-DS-G661,
DEMIS-S-528198,G4,العباسية,,Physical-DS-G789,
DEMIS-S-528199,G4,الفيوم,,Physical-DS-G681,
DEMIS-S-528200,G6,القاهرة الجديدة,,Physical-DS-G833,
DEMIS-S-528201,G5,المنتزة ثان,,Physical-DS-G119,
DEMIS-S-528202,G4,السادات,,Physical-DS-G1126,
DEMIS-S-528203,G4,ميت غمر,,Physical-DS-G484,
DEMIS-S-528204,G4,الفيوم,,Physical-DS-G681,
DEMIS-S-528205,G4,السويس,,Physical-DS-G534,
DEMIS-S-528206,G4,القاهرة الجديدة,,Physical-DS-G797,
DEMIS-S-528207,G4,بنها,,Physical-DS-G1051,
DEMIS-S-528208,G4,المعادي,,Physical-DS-G839,
DEMIS-S-528209,G4,مدينة نصر,,Physical-DS-G945,
DEMIS-S-528210,G4,أسيوط,,Physical-DS-G14,
DEMIS-S-528211,G4,العريش,,Physical-DS-G1333,
DEMIS-S-528212,G5,الزقازيق,,Physical-DS-G560,
DEMIS-S-528213,G6,شبرا الخيمة,,Physical-DS-G1096,
DEMIS-S-528214,G6,ميت غمر,,Physical-DS-G525,
DEMIS-S-528215,G4,شبرا الخيمة,,Physical-DS-G1071,
DEMIS-S-528216,G5,ميت غمر,,Physical-DS-G509,
DEMIS-S-528217,G5,الزقازيق,,Physical-DS-G560,
DEMIS-S-528218,G4,الشهداء,,Physical-DS-G1135,
DEMIS-S-528219,G4,شبرا الخيمة,,Physical-DS-G1071,
DEMIS-S-528220,G4,الشهداء,,Physical-DS-G1135,
DEMIS-S-528221,G5,عجمي,,Physical-DS-G183,
DEMIS-S-528222,G4,ملوي,,Physical-DS-G1208,
DEMIS-S-528223,G6,السلام,,Physical-DS-G754,
DEMIS-S-528224,G4,شبرا الخيمة,,Physical-DS-G1071,
DEMIS-S-528225,G6,فايد,,Physical-DS-G206,
DEMIS-S-528226,G6,حدائق الأهرام,,Physical-DS-G436,
DEMIS-S-528227,G4,العريش,,Physical-DS-G1333,
DEMIS-S-528228,G6,الدقي,,Physical-DS-G337,
DEMIS-S-528229,G5,كفر الشيخ,,Physical-DS-G1377,
DEMIS-S-528230,G6,الفيوم,,Physical-DS-G701,
DEMIS-S-528231,G4,المعادي,,Physical-DS-G839,
DEMIS-S-528232,G5,حلوان,,Physical-DS-G912,
DEMIS-S-528233,G5,العبور,,Physical-DS-G1042,
DEMIS-S-528234,G6,حدائق الأهرام,,Physical-DS-G426,
DEMIS-S-528235,G5,سوهاج,,Physical-DS-G1313,
DEMIS-S-528236,G4,حي شرق,,Physical-DS-G133,
DEMIS-S-528237,G4,أسيوط,,Physical-DS-G14,
DEMIS-S-528238,G4,كفر الشيخ,,Physical-DS-G1371,
DEMIS-S-528239,G5,فاقوس,,Physical-DS-G605,
DEMIS-S-528240,G5,المنتزة ثان,,Physical-DS-G119,
DEMIS-S-528241,G6,العبور,,Physical-DS-G1048,
DEMIS-S-528242,G6,ميت غمر,,Physical-DS-G525,
DEMIS-S-528243,G5,وسط البلد,,Physical-DS-G1023,
DEMIS-S-528244,G5,شبين الكوم,,Physical-DS-G1163,
DEMIS-S-528245,G5,ميت غمر,,Physical-DS-G509,
DEMIS-S-528246,G4,بورسعيد,,Physical-DS-G1247,
DEMIS-S-528247,G4,السلام,,Physical-DS-G719,
DEMIS-S-528248,G5,الداخلة,,Physical-DS-G1218,
DEMIS-S-528249,G5,شبين الكوم,,Physical-DS-G1163,
DEMIS-S-528250,G5,شبرا الخيمة,,Physical-DS-G1087,
DEMIS-S-528251,G5,أسيوط,,Physical-DS-G31,
DEMIS-S-528252,G4,العمرانية,,Physical-DS-G354,
DEMIS-S-528253,G5,الداخلة,,Physical-DS-G1218,
DEMIS-S-528254,G4,حلوان,,Physical-DS-G895,
DEMIS-S-528255,G4,أشمون,,Physical-DS-G1117,
DEMIS-S-528256,G4,مدينة نصر,,Physical-DS-G945,
DEMIS-S-528257,G5,أسيوط,,Physical-DS-G14,
DEMIS-S-528258,G4,6 أكتوبر,,Physical-DS-G259,
DEMIS-S-528259,G4,أسيوط,,Physical-DS-G14,
DEMIS-S-528260,G4,العمرانية,,Physical-DS-G354,
DEMIS-S-528261,G5,الزقازيق,,Physical-DS-G544,
DEMIS-S-528262,G4,6 أكتوبر,,Physical-DS-G259,
DEMIS-S-528263,G4,شبين الكوم,,Physical-DS-G1147,
DEMIS-S-528264,G4,العمرانية,,Physical-DS-G354,
DEMIS-S-528265,G4,دمنهور,,Physical-DS-G219,
DEMIS-S-528266,G4,طنطا,,Physical-DS-G641,
DEMIS-S-528267,G4,سوهاج,,Physical-DS-G1297,
DEMIS-S-528268,G4,طنطا,,Physical-DS-G641,
DEMIS-S-528269,G4,فيصل,,Physical-DS-G438,
DEMIS-S-528270,G6,دسوق,,Physical-DS-G1369,
DEMIS-S-528271,G6,الشيخ زايد,,Physical-DS-G339,
DEMIS-S-528272,G4,قليوب,,Physical-DS-G1110,
DEMIS-S-528273,G4,العبور,,Physical-DS-G1029,
DEMIS-S-528274,G5,إمبابة,,Physical-DS-G317,
DEMIS-S-528275,G4,فيصل,,Physical-DS-G438,
DEMIS-S-528276,G5,السلام,,Physical-DS-G741,
DEMIS-S-528277,G5,وسط البلد,,Physical-DS-G1023,
DEMIS-S-528278,G5,الغردقة,,Physical-DS-G214,
DEMIS-S-528279,G5,إمبابة,,Physical-DS-G317,
DEMIS-S-528280,G4,فيصل,,Physical-DS-G438,
DEMIS-S-528281,G6,سمنود,,Physical-DS-G637,
DEMIS-S-528282,G4,أسيوط,,Physical-DS-G14,
DEMIS-S-528283,G4,قنا,,Physical-DS-G1337,
DEMIS-S-528284,G4,مدينة نصر,,Physical-DS-G946,
DEMIS-S-528285,G4,الدقي,,Physical-DS-G326,
DEMIS-S-528286,G4,المنتزة ثان,,Physical-DS-G103,
DEMIS-S-528287,G5,الأقصر,,Physical-DS-G63,
DEMIS-S-528288,G6,المنصورة,,Physical-DS-G480,
DEMIS-S-528289,G4,الفيوم,,Physical-DS-G681,
DEMIS-S-528290,G6,أسوان,,Physical-DS-G8,
DEMIS-S-528291,G4,الأقصر,,Physical-DS-G57,
DEMIS-S-528292,G6,السادات,,Physical-DS-G1134,
DEMIS-S-528293,G6,المنيا,,Physical-DS-G1205,
DEMIS-S-528294,G6,طنطا,,Physical-DS-G673,
DEMIS-S-528295,G6,عجمي,,Physical-DS-G188,
DEMIS-S-528296,G4,دمنهور,,Physical-DS-G219,
DEMIS-S-528297,G5,قنا,,Physical-DS-G1345,
DEMIS-S-528298,G4,إدفو,,Physical-DS-G12,
DEMIS-S-528299,G4,السلام,,Physical-DS-G719,
DEMIS-S-528300,G4,الزقازيق,,Physical-DS-G544,
DEMIS-S-528301,G6,المحلة الكبرى,,Physical-DS-G624,
DEMIS-S-528302,G6,ميت غمر,,Physical-DS-G525,
DEMIS-S-528303,G5,قويسنا,,Physical-DS-G1182,
DEMIS-S-528304,G5,الهرم,,Physical-DS-G408,
DEMIS-S-528305,G4,شبرا الخيمة,,Physical-DS-G1071,
DEMIS-S-528306,G4,فاقوس,,Physical-DS-G599,
DEMIS-S-528307,G6,طنطا,,Physical-DS-G641,
DEMIS-S-528308,G5,الهرم,,Physical-DS-G408,
DEMIS-S-528309,G4,شبرا الخيمة,,Physical-DS-G1071,
DEMIS-S-528310,G5,ميت غمر,,Physical-DS-G509,
DEMIS-S-528311,G6,فاقوس,,Physical-DS-G599,
DEMIS-S-528312,G6,المنصورة,,Physical-DS-G480,
DEMIS-S-528313,G4,الإسماعيلية,,Physical-DS-G191,
DEMIS-S-528314,G5,قويسنا,,Physical-DS-G1182,
DEMIS-S-528315,G6,الزقازيق,,Physical-DS-G570,
DEMIS-S-528316,G4,السلام,,Physical-DS-G719,
DEMIS-S-528317,G5,الشروق,,Physical-DS-G778,
DEMIS-S-528318,G5,مصر الجديدة,,Physical-DS-G1006,
DEMIS-S-528319,G6,دمياط,,Physical-DS-G1291,
DEMIS-S-528320,G5,أسيوط,,Physical-DS-G31,
DEMIS-S-528321,G6,أسيوط,,Physical-DS-G39,
DEMIS-S-528322,G5,المعادي,,Physical-DS-G864,
DEMIS-S-528323,G5,المعادي,,Physical-DS-G864,
DEMIS-S-528324,G6,قنا,,Physical-DS-G1350,
DEMIS-S-528325,G4,مصر الجديدة,,Physical-DS-G990,
DEMIS-S-528326,G4,المنتزة ثان,,Physical-DS-G103,
DEMIS-S-528327,G4,الشروق,,Physical-DS-G760,
DEMIS-S-528328,G5,فيصل,,Physical-DS-G452,
DEMIS-S-528329,G4,بنى سويف,,Physical-DS-G1220,
DEMIS-S-528330,G4,القاهرة الجديدة,,Physical-DS-G797,
DEMIS-S-528331,G4,أسيوط,,Physical-DS-G14,
DEMIS-S-528332,G5,مصر الجديدة,,Physical-DS-G1006,
DEMIS-S-528333,G4,الشيخ زايد,,Physical-DS-G339,
DEMIS-S-528334,G5,أسيوط,,Physical-DS-G31,
DEMIS-S-528335,G6,شبرا الخيمة,,Physical-DS-G1096,
DEMIS-S-528336,G4,الغردقة,,Physical-DS-G207,
DEMIS-S-528337,G4,أسيوط,,Physical-DS-G14,
DEMIS-S-528338,G4,سوهاج,,Physical-DS-G1297,
DEMIS-S-528339,G4,فاقوس,,Physical-DS-G599,
DEMIS-S-528340,G6,سوهاج,,Physical-DS-G1297,
DEMIS-S-528341,G5,ابنوب,,Physical-DS-G43,
DEMIS-S-528342,G6,دمياط,,Physical-DS-G1291,
DEMIS-S-528343,G4,السلام,,Physical-DS-G719,
DEMIS-S-528344,G4,6 أكتوبر,,Physical-DS-G259,
DEMIS-S-528345,G4,دمياط,,Physical-DS-G1275,
DEMIS-S-528346,G4,شبرا,,Physical-DS-G923,
DEMIS-S-528347,G4,مدينة نصر,,Physical-DS-G946,
DEMIS-S-528348,G4,مصر الجديدة,,Physical-DS-G990,
DEMIS-S-528349,G4,العباسية,,Physical-DS-G789,
DEMIS-S-528350,G5,الهرم,,Physical-DS-G408,
DEMIS-S-528351,G4,ميت غمر,,Physical-DS-G484,
DEMIS-S-528352,G6,مصر الجديدة,,Physical-DS-G990,
DEMIS-S-528353,G4,دمنهور,,Physical-DS-G219,
DEMIS-S-528354,G4,بركة السبع,,Physical-DS-G1139,
DEMIS-S-528355,G6,فاقوس,,Physical-DS-G609,
DEMIS-S-528356,G4,دمنهور,,Physical-DS-G219,
DEMIS-S-528357,G4,مدينة نصر,,Physical-DS-G946,
DEMIS-S-528358,G5,السلام,,Physical-DS-G741,
DEMIS-S-528359,G5,شبرا,,Physical-DS-G937,
DEMIS-S-528360,G6,الغردقة,,Physical-DS-G217,
DEMIS-S-528361,G4,ميت غمر,,Physical-DS-G484,
DEMIS-S-528362,G4,الهرم,,Physical-DS-G387,
DEMIS-S-528363,G6,المنيب,,Physical-DS-G384,
DEMIS-S-528364,G6,سوهاج,,Physical-DS-G1297,
DEMIS-S-528365,G4,طنطا,,Physical-DS-G641,
DEMIS-S-528366,G4,سمنود,,Physical-DS-G627,
DEMIS-S-528367,G4,حي شرق,,Physical-DS-G133,
DEMIS-S-528368,G5,إمبابة,,Physical-DS-G317,
DEMIS-S-528369,G5,الزقازيق,,Physical-DS-G560,
DEMIS-S-528370,G4,أول المنتزة,,Physical-DS-G70,
DEMIS-S-528371,G4,15 مايو,,Physical-DS-G709,
DEMIS-S-528372,G4,مدينة نصر,,Physical-DS-G946,
DEMIS-S-528373,G6,فاقوس,,Physical-DS-G609,
DEMIS-S-528374,G6,الطور,,Physical-DS-G1270,
DEMIS-S-528375,G4,الداخلة,,Physical-DS-G1217,
DEMIS-S-528376,G4,طنطا,,Physical-DS-G641,
DEMIS-S-528377,G5,6 أكتوبر,,Physical-DS-G287,
DEMIS-S-528378,G6,المنتزة ثان,,Physical-DS-G126,
DEMIS-S-528379,G4,فارسكور,,Physical-DS-G1294,
DEMIS-S-528380,G4,أول المنتزة,,Physical-DS-G70,
DEMIS-S-528381,G4,دمنهور,,Physical-DS-G220,
DEMIS-S-528382,G5,المنصورة,,Physical-DS-G474,
DEMIS-S-528383,G5,حي شرق,,Physical-DS-G133,
DEMIS-S-528384,G5,المنيب,,Physical-DS-G373,
DEMIS-S-528385,G4,الشيخ زايد,,Physical-DS-G339,
DEMIS-S-528386,G5,بوش,,Physical-DS-G1242,
DEMIS-S-528387,G4,السلام,,Physical-DS-G719,
DEMIS-S-528388,G4,أسيوط,,Physical-DS-G14,
DEMIS-S-528389,G6,شبرا,,Physical-DS-G943,
DEMIS-S-528390,G4,ميت غمر,,Physical-DS-G484,
DEMIS-S-528391,G6,دسوق,,Physical-DS-G1369,
DEMIS-S-528392,G4,السلام,,Physical-DS-G719,
DEMIS-S-528393,G4,إدفو,,Physical-DS-G10,
DEMIS-S-528394,G4,ميت غمر,,Physical-DS-G484,
DEMIS-S-528395,G5,الفيوم,,Physical-DS-G693,
DEMIS-S-528396,G5,المحلة الكبرى,,Physical-DS-G619,
DEMIS-S-528397,G5,فاقوس,,Physical-DS-G605,
DEMIS-S-528398,G6,قنا,,Physical-DS-G1337,
DEMIS-S-528399,G4,قنا,,Physical-DS-G1337,
DEMIS-S-528400,G4,6 أكتوبر,,Physical-DS-G259,
DEMIS-S-528401,G6,دسوق,,Physical-DS-G1369,
DEMIS-S-528402,G6,الإسماعيلية,,Physical-DS-G191,
DEMIS-S-528403,G5,أسيوط,,Physical-DS-G31,
DEMIS-S-528404,G5,ميت غمر,,Physical-DS-G509,
DEMIS-S-528405,G5,بنى سويف,,Physical-DS-G1230,
DEMIS-S-528406,G4,أسوان,,Physical-DS-G1,
DEMIS-S-528407,G4,سوهاج,,Physical-DS-G1297,
DEMIS-S-528408,G4,إمبابة,,Physical-DS-G306,
DEMIS-S-528409,G4,الإسماعيلية,,Physical-DS-G191,
DEMIS-S-528410,G4,الأقصر,,Physical-DS-G57,
DEMIS-S-528411,G5,دمنهور,,Physical-DS-G232,
DEMIS-S-528412,G4,الهرم,,Physical-DS-G388,
DEMIS-S-528413,G4,طنطا,,Physical-DS-G641,
DEMIS-S-528414,G6,المنتزة ثان,,Physical-DS-G126,
DEMIS-S-528415,G6,بنى سويف,,Physical-DS-G1235,
DEMIS-S-528416,G6,قويسنا,,Physical-DS-G1185,
DEMIS-S-528417,G4,ملوي,,Physical-DS-G1208,
DEMIS-S-528418,G4,الفيوم,,Physical-DS-G681,
DEMIS-S-528419,G5,بنها,,Physical-DS-G1061,
DEMIS-S-528420,G4,المنيا,,Physical-DS-G1187,
DEMIS-S-528421,G5,سوهاج,,Physical-DS-G1313,
DEMIS-S-528422,G4,المنيا,,Physical-DS-G1187,
DEMIS-S-528423,G5,بورفؤاد,,Physical-DS-G1264,
DEMIS-S-528424,G4,مصر الجديدة,,Physical-DS-G990,
DEMIS-S-528425,G5,سوهاج,,Physical-DS-G1313,
DEMIS-S-528426,G4,مصر الجديدة,,Physical-DS-G990,
DEMIS-S-528427,G6,إمبابة,,Physical-DS-G323,
DEMIS-S-528428,G4,مدينة نصر,,Physical-DS-G946,
DEMIS-S-528429,G4,قنا,,Physical-DS-G1337,
DEMIS-S-528430,G4,مصر الجديدة,,Physical-DS-G990,
DEMIS-S-528431,G4,الفيوم,,Physical-DS-G681,
DEMIS-S-528432,G4,سوهاج,,Physical-DS-G1297,
DEMIS-S-528433,G5,شبرا الخيمة,,Physical-DS-G1087,
DEMIS-S-528434,G4,الغردقة,,Physical-DS-G207,
DEMIS-S-528435,G4,الهرم,,Physical-DS-G388,
DEMIS-S-528436,G4,أسيوط,,Physical-DS-G14,
DEMIS-S-528437,G5,بلبيس,,Physical-DS-G594,
DEMIS-S-528438,G4,أسيوط,,Physical-DS-G14,
DEMIS-S-528439,G4,وسط البلد,,Physical-DS-G1016,
DEMIS-S-528440,G4,نجع حمادي,,Physical-DS-G1356,
DEMIS-S-528441,G4,شبرا,,Physical-DS-G923,
DEMIS-S-528442,G4,ملوي,,Physical-DS-G1208,
DEMIS-S-528443,G4,المعادي,,Physical-DS-G839,
DEMIS-S-528444,G4,سوهاج,,Physical-DS-G1297,
DEMIS-S-528445,G4,قليوب,,Physical-DS-G1110,
DEMIS-S-528446,G4,العبور,,Physical-DS-G1029,
DEMIS-S-528447,G4,السادات,,Physical-DS-G1126,
DEMIS-S-528448,G4,طنطا,,Physical-DS-G641,
DEMIS-S-528449,G5,قنا,,Physical-DS-G1345,
DEMIS-S-528450,G4,أول المنتزة,,Physical-DS-G70,
DEMIS-S-528451,G5,الشيخ زايد,,Physical-DS-G349,
DEMIS-S-528452,G5,ميت غمر,,Physical-DS-G509,
DEMIS-S-528453,G4,الشروق,,Physical-DS-G760,
DEMIS-S-528454,G4,المنتزة ثان,,Physical-DS-G103,
DEMIS-S-528455,G5,طنطا,,Physical-DS-G661,
DEMIS-S-528456,G4,ميت غمر,,Physical-DS-G484,
DEMIS-S-528457,G5,الشروق,,Physical-DS-G778,
DEMIS-S-528458,G4,دسوق,,Physical-DS-G1361,
DEMIS-S-528459,G4,شبرا,,Physical-DS-G923,
DEMIS-S-528460,G4,مصر الجديدة,,Physical-DS-G991,
DEMIS-S-528461,G5,المنيا,,Physical-DS-G1198,
DEMIS-S-528462,G4,الفيوم,,Physical-DS-G681,
DEMIS-S-528463,G5,السلام,,Physical-DS-G741,
DEMIS-S-528464,G4,أسيوط,,Physical-DS-G15,
DEMIS-S-528465,G4,أشمون,,Physical-DS-G1117,
DEMIS-S-528466,G5,حي شرق,,Physical-DS-G147,
DEMIS-S-528467,G6,سوهاج,,Physical-DS-G1323,
DEMIS-S-528468,G4,المنيا,,Physical-DS-G1187,
DEMIS-S-528469,G4,حي وسط,,Physical-DS-G158,
DEMIS-S-528470,G4,المنيا,,Physical-DS-G1187,
DEMIS-S-528471,G4,العباسية,,Physical-DS-G789,
DEMIS-S-528472,G4,مصر الجديدة,,Physical-DS-G991,
DEMIS-S-528473,G4,السلام,,Physical-DS-G719,
DEMIS-S-528474,G4,قويسنا,,Physical-DS-G1176,
DEMIS-S-528475,G6,أسوان,,Physical-DS-G1,
DEMIS-S-528476,G5,كفر الشيخ,,Physical-DS-G1377,
DEMIS-S-528477,G4,الشيخ زايد,,Physical-DS-G339,
DEMIS-S-528478,G4,المعادي,,Physical-DS-G839,
DEMIS-S-528479,G4,وسط البلد,,Physical-DS-G1016,
DEMIS-S-528480,G4,القاهرة الجديدة,,Physical-DS-G797,
DEMIS-S-528481,G4,إمبابة,,Physical-DS-G306,
DEMIS-S-528482,G4,حدائق الأهرام,,Physical-DS-G426,
DEMIS-S-528483,G5,القاهرة الجديدة,,Physical-DS-G821,
DEMIS-S-528484,G5,ميت غمر,,Physical-DS-G509,
DEMIS-S-528485,G6,حي شرق,,Physical-DS-G155,
DEMIS-S-528486,G5,الزقازيق,,Physical-DS-G560,
DEMIS-S-528487,G5,الهرم,,Physical-DS-G408,
DEMIS-S-528488,G4,شبراخيت,,Physical-DS-G242,
DEMIS-S-528489,G4,برج العرب,,Physical-DS-G129,
DEMIS-S-528490,G4,عجمي,,Physical-DS-G172,
DEMIS-S-528491,G6,مصر الجديدة,,Physical-DS-G1013,
DEMIS-S-528492,G5,الزقازيق,,Physical-DS-G560,
DEMIS-S-528493,G5,فيصل,,Physical-DS-G452,
DEMIS-S-528494,G4,حي شرق,,Physical-DS-G133,
DEMIS-S-528495,G5,الزقازيق,,Physical-DS-G560,
DEMIS-S-528496,G5,إمبابة,,Physical-DS-G317,
DEMIS-S-528497,G4,الشهداء,,Physical-DS-G1135,
DEMIS-S-528498,G5,السلام,,Physical-DS-G719,
DEMIS-S-528499,G5,فيصل,,Physical-DS-G452,
DEMIS-S-528500,G5,العريش,,Physical-DS-G1335,
DEMIS-S-528501,G5,طنطا,,Physical-DS-G661,
DEMIS-S-528502,G4,مدينة نصر,,Physical-DS-G946,
DEMIS-S-528503,G4,العامرية,,Physical-DS-G86,
DEMIS-S-528504,G4,حي وسط,,Physical-DS-G158,
DEMIS-S-528505,G4,الشروق,,Physical-DS-G760,
DEMIS-S-528506,G4,القاهرة الجديدة,,Physical-DS-G798,
DEMIS-S-528507,G4,المعادي,,Physical-DS-G839,
DEMIS-S-528508,G5,دمنهور,,Physical-DS-G220,
DEMIS-S-528509,G5,طنطا,,Physical-DS-G661,
DEMIS-S-528510,G5,فيصل,,Physical-DS-G452,
DEMIS-S-528511,G5,أول المنتزة,,Physical-DS-G80,
DEMIS-S-528512,G5,السلام,,Physical-DS-G741,
DEMIS-S-528513,G6,دمنهور,,Physical-DS-G238,
DEMIS-S-528514,G4,مدينة نصر,,Physical-DS-G971,
DEMIS-S-528515,G6,الأقصر,,Physical-DS-G67,
DEMIS-S-528516,G5,السلام,,Physical-DS-G741,
DEMIS-S-528517,G6,حدائق الأهرام,,Physical-DS-G436,
DEMIS-S-528518,G6,حي شرق,,Physical-DS-G155,
DEMIS-S-528519,G4,حي شرق,,Physical-DS-G133,
DEMIS-S-528520,G5,المنيب,,Physical-DS-G379,
DEMIS-S-528521,G5,وسط البلد,,Physical-DS-G1023,
DEMIS-S-528522,G5,سوهاج,,Physical-DS-G1313,
DEMIS-S-528523,G4,الشروق,,Physical-DS-G760,
DEMIS-S-528524,G4,المعادي,,Physical-DS-G839,
DEMIS-S-528525,G4,المعادي,,Physical-DS-G839,
DEMIS-S-528526,G4,حي شرق,,Physical-DS-G133,
DEMIS-S-528527,G4,السويس,,Physical-DS-G534,
DEMIS-S-528528,G4,الأقصر,,Physical-DS-G57,
DEMIS-S-528529,G6,حي وسط,,Physical-DS-G170,
DEMIS-S-528530,G5,الأقصر,,Physical-DS-G63,
DEMIS-S-528531,G4,شبراخيت,,Physical-DS-G242,
DEMIS-S-528532,G4,المعادي,,Physical-DS-G839,
DEMIS-S-528533,G4,المنتزة ثان,,Physical-DS-G103,
DEMIS-S-528534,G5,مدينة نصر,,Physical-DS-G971,
DEMIS-S-528535,G5,6 أكتوبر,,Physical-DS-G287,
DEMIS-S-528536,G4,أسيوط,,Physical-DS-G15,
DEMIS-S-528537,G4,قنا,,Physical-DS-G1337,
DEMIS-S-528538,G4,دمنهور,,Physical-DS-G220,
DEMIS-S-528539,G5,المنتزة ثان,,Physical-DS-G119,
DEMIS-S-528540,G6,العمرانية,,Physical-DS-G370,
DEMIS-S-528541,G4,العاشر من رمضان,,Physical-DS-G576,
DEMIS-S-528542,G5,العباسية,,Physical-DS-G794,
DEMIS-S-528543,G4,الغردقة,,Physical-DS-G207,
DEMIS-S-528544,G5,شبرا,,Physical-DS-G937,
DEMIS-S-528545,G4,العبور,,Physical-DS-G1029,
DEMIS-S-528546,G4,سوهاج,,Physical-DS-G1297,
DEMIS-S-528547,G5,عجمي,,Physical-DS-G183,
DEMIS-S-528548,G5,العبور,,Physical-DS-G1042,
DEMIS-S-528549,G5,الهرم,,Physical-DS-G408,
DEMIS-S-528550,G4,الشيخ زايد,,Physical-DS-G339,
DEMIS-S-528551,G5,بورسعيد,,Physical-DS-G1254,
DEMIS-S-528552,G6,بورفؤاد,,Physical-DS-G1266,
DEMIS-S-528553,G4,شبرا,,Physical-DS-G923,
DEMIS-S-528554,G4,دمنهور,,Physical-DS-G220,
DEMIS-S-528555,G4,بنى سويف,,Physical-DS-G1220,
DEMIS-S-528556,G4,شبرا الخيمة,,Physical-DS-G1071,
DEMIS-S-528557,G4,طنطا,,Physical-DS-G641,
DEMIS-S-528558,G5,شبين الكوم,,Physical-DS-G1163,
DEMIS-S-528559,G5,المعادي,,Physical-DS-G839,
DEMIS-S-528560,G4,فيصل,,Physical-DS-G439,
DEMIS-S-528561,G4,الشروق,,Physical-DS-G760,
DEMIS-S-528562,G4,السلام,,Physical-DS-G719,
DEMIS-S-528563,G4,دمنهور,,Physical-DS-G220,
DEMIS-S-528564,G6,العمرانية,,Physical-DS-G370,
DEMIS-S-528565,G4,المعادي,,Physical-DS-G839,
DEMIS-S-528566,G5,دمنهور,,Physical-DS-G232,
DEMIS-S-528567,G4,الفيوم,,Physical-DS-G681,
DEMIS-S-528568,G6,مدينة نصر,,Physical-DS-G985,
DEMIS-S-528569,G6,دمنهور,,Physical-DS-G238,
DEMIS-S-528570,G4,شبرا الخيمة,,Physical-DS-G1071,
DEMIS-S-528571,G6,الإسماعيلية,,Physical-DS-G191,
DEMIS-S-528572,G5,شبرا,,Physical-DS-G937,
DEMIS-S-528573,G4,المنتزة ثان,,Physical-DS-G103,
DEMIS-S-528574,G4,إدفو,,Physical-DS-G10,
DEMIS-S-528575,G4,حدائق الأهرام,,Physical-DS-G426,
DEMIS-S-528576,G4,مصر الجديدة,,Physical-DS-G991,
DEMIS-S-528577,G4,العمرانية,,Physical-DS-G354,
DEMIS-S-528578,G4,المحلة الكبرى,,Physical-DS-G612,
DEMIS-S-528579,G5,مصر الجديدة,,Physical-DS-G1006,
DEMIS-S-528580,G6,المنيا,,Physical-DS-G1205,
DEMIS-S-528581,G4,فيصل,,Physical-DS-G439,
DEMIS-S-528582,G4,المعادي,,Physical-DS-G839,
DEMIS-S-528583,G4,حلوان,,Physical-DS-G895,
DEMIS-S-528584,G4,بنى سويف,,Physical-DS-G1220,
DEMIS-S-528585,G5,الإسماعيلية,,Physical-DS-G198,
DEMIS-S-528586,G4,مصر الجديدة,,Physical-DS-G991,
DEMIS-S-528587,G5,المنيا,,Physical-DS-G1198,
DEMIS-S-528588,G5,حي شرق,,Physical-DS-G147,
DEMIS-S-528589,G4,الشروق,,Physical-DS-G761,
DEMIS-S-528590,G4,عجمي,,Physical-DS-G172,
DEMIS-S-528591,G5,المعادي,,Physical-DS-G864,
DEMIS-S-528592,G4,الأقصر,,Physical-DS-G57,
DEMIS-S-528593,G6,بورفؤاد,,Physical-DS-G1261,
DEMIS-S-528594,G6,العامرية,,Physical-DS-G100,
DEMIS-S-528595,G5,السلام,,Physical-DS-G741,
DEMIS-S-528596,G6,العبور,,Physical-DS-G1048,
DEMIS-S-528597,G5,حلوان,,Physical-DS-G912,
DEMIS-S-528598,G4,بورفؤاد,,Physical-DS-G1261,
DEMIS-S-528599,G4,عجمي,,Physical-DS-G172,
DEMIS-S-528600,G6,فيصل,,Physical-DS-G459,
DEMIS-S-528601,G5,الشروق,,Physical-DS-G778,
DEMIS-S-528602,G6,المعادي,,Physical-DS-G876,
DEMIS-S-528603,G4,الهرم,,Physical-DS-G388,
DEMIS-S-528604,G5,مصر الجديدة,,Physical-DS-G1006,
DEMIS-S-528605,G4,المعادي,,Physical-DS-G839,
DEMIS-S-528606,G6,العبور,,Physical-DS-G1048,
DEMIS-S-528607,G4,حي شرق,,Physical-DS-G134,
DEMIS-S-528608,G4,دمنهور,,Physical-DS-G220,
DEMIS-S-528609,G4,15 مايو,,Physical-DS-G709,
DEMIS-S-528610,G5,المعادي,,Physical-DS-G864,
DEMIS-S-528611,G4,السلام,,Physical-DS-G719,
DEMIS-S-528612,G5,إمبابة,,Physical-DS-G306,
DEMIS-S-528613,G4,مدينة نصر,,Physical-DS-G946,
DEMIS-S-528614,G5,المنتزة ثان,,Physical-DS-G103,
DEMIS-S-528615,G5,القاهرة الجديدة,,Physical-DS-G821,
DEMIS-S-528616,G5,العمرانية,,Physical-DS-G365,
DEMIS-S-528617,G4,العمرانية,,Physical-DS-G354,
DEMIS-S-528618,G4,الشروق,,Physical-DS-G761,
DEMIS-S-528619,G5,إمبابة,,Physical-DS-G317,
DEMIS-S-528620,G4,المنتزة ثان,,Physical-DS-G103,
DEMIS-S-528621,G5,عجمي,,Physical-DS-G183,
DEMIS-S-528622,G4,شبين الكوم,,Physical-DS-G1147,
DEMIS-S-528623,G4,السويس,,Physical-DS-G534,
DEMIS-S-528624,G5,الهرم,,Physical-DS-G408,
DEMIS-S-528625,G4,دمنهور,,Physical-DS-G220,
DEMIS-S-528626,G6,6 أكتوبر,,Physical-DS-G301,
DEMIS-S-528627,G4,حلوان,,Physical-DS-G895,
DEMIS-S-528628,G5,المنتزة ثان,,Physical-DS-G119,
DEMIS-S-528629,G5,السلام,,Physical-DS-G741,
DEMIS-S-528630,G4,الشروق,,Physical-DS-G761,
DEMIS-S-528631,G4,ميت غمر,,Physical-DS-G485,
DEMIS-S-528632,G4,فيصل,,Physical-DS-G439,
DEMIS-S-528633,G5,مدينة نصر,,Physical-DS-G971,
DEMIS-S-528634,G4,6 أكتوبر,,Physical-DS-G259,
DEMIS-S-528635,G4,طنطا,,Physical-DS-G641,
DEMIS-S-528636,G5,بنها,,Physical-DS-G1061,
DEMIS-S-528637,G4,شبرا الخيمة,,Physical-DS-G1072,
DEMIS-S-528638,G5,6 أكتوبر,,Physical-DS-G287,
DEMIS-S-528639,G4,سوهاج,,Physical-DS-G1297,
DEMIS-S-528640,G4,سوهاج,,Physical-DS-G1298,
DEMIS-S-528641,G4,أسيوط,,Physical-DS-G15,
DEMIS-S-528642,G5,القاهرة الجديدة,,Physical-DS-G821,
DEMIS-S-528643,G4,قوص,,Physical-DS-G1353,
DEMIS-S-528644,G6,6 أكتوبر,,Physical-DS-G301,
DEMIS-S-528645,G5,أسوان,,Physical-DS-G5,
DEMIS-S-528646,G6,الشيخ زايد,,Physical-DS-G339,
DEMIS-S-528647,G5,إمبابة,,Physical-DS-G317,
DEMIS-S-528648,G5,القاهرة الجديدة,,Physical-DS-G821,
DEMIS-S-528649,G5,المنيا,,Physical-DS-G1198,
DEMIS-S-528650,G4,سوهاج,,Physical-DS-G1298,
DEMIS-S-528651,G5,المعادي,,Physical-DS-G864,
DEMIS-S-528652,G6,سوهاج,,Physical-DS-G1323,
DEMIS-S-528653,G4,حي شرق,,Physical-DS-G134,
DEMIS-S-528654,G5,المعادي,,Physical-DS-G864,
DEMIS-S-528655,G5,إدفو,,Physical-DS-G12,
DEMIS-S-528656,G4,الشروق,,Physical-DS-G761,
DEMIS-S-528657,G5,دمنهور,,Physical-DS-G232,
DEMIS-S-528658,G5,بنها,,Physical-DS-G1051,
DEMIS-S-528659,G5,العمرانية,,Physical-DS-G354,
DEMIS-S-528660,G6,الزقازيق,,Physical-DS-G570,
DEMIS-S-528661,G4,مصر الجديدة,,Physical-DS-G991,
DEMIS-S-528662,G6,قنا,,Physical-DS-G1350,
DEMIS-S-528663,G5,مدينة نصر,,Physical-DS-G971,
DEMIS-S-528664,G6,المعادي,,Physical-DS-G839,
DEMIS-S-528665,G5,ملوي,,Physical-DS-G1211,
DEMIS-S-528666,G5,السلام,,Physical-DS-G741,
DEMIS-S-528667,G5,حدائق القبة,,Physical-DS-G888,
DEMIS-S-528668,G5,شبين الكوم,,Physical-DS-G1163,
DEMIS-S-528669,G4,فاقوس,,Physical-DS-G599,
DEMIS-S-528670,G6,عجمي,,Physical-DS-G188,
DEMIS-S-528671,G5,الشيخ زايد,,Physical-DS-G349,
DEMIS-S-528672,G5,حي شرق,,Physical-DS-G147,
DEMIS-S-528673,G6,بورسعيد,,Physical-DS-G1247,
DEMIS-S-528674,G4,المنيب,,Physical-DS-G373,
DEMIS-S-528675,G5,شبرا,,Physical-DS-G937,
DEMIS-S-528676,G4,الهرم,,Physical-DS-G388,
DEMIS-S-528677,G4,إمبابة,,Physical-DS-G306,
DEMIS-S-528678,G4,الزقازيق,,Physical-DS-G544,
DEMIS-S-528679,G4,حي شرق,,Physical-DS-G134,
DEMIS-S-528680,G4,أسيوط,,Physical-DS-G15,
DEMIS-S-528681,G6,طهطا,,Physical-DS-G1332,
DEMIS-S-528682,G5,الزقازيق,,Physical-DS-G560,
DEMIS-S-528683,G4,الفيوم,,Physical-DS-G681,
DEMIS-S-528684,G6,السلام,,Physical-DS-G754,
DEMIS-S-528685,G5,الزقازيق,,Physical-DS-G544,
DEMIS-S-528686,G4,قليوب,,Physical-DS-G1110,
DEMIS-S-528687,G5,المنيا,,Physical-DS-G1198,
DEMIS-S-528688,G5,الغردقة,,Physical-DS-G214,
DEMIS-S-528689,G4,الدقي,,Physical-DS-G326,
DEMIS-S-528690,G5,المنيا,,Physical-DS-G1198,
DEMIS-S-528691,G6,السلام,,Physical-DS-G719,
DEMIS-S-528692,G4,فيصل,,Physical-DS-G439,
DEMIS-S-528693,G5,الفيوم,,Physical-DS-G693,
DEMIS-S-528694,G5,العمرانية,,Physical-DS-G365,
DEMIS-S-528695,G5,المنيا,,Physical-DS-G1198,
DEMIS-S-528696,G4,المنصورة,,Physical-DS-G462,
DEMIS-S-528697,G5,أسوان,,Physical-DS-G5,
DEMIS-S-528698,G5,شبرا الخيمة,,Physical-DS-G1087,
DEMIS-S-528699,G4,أسيوط,,Physical-DS-G15,
DEMIS-S-528700,G4,أشمون,,Physical-DS-G1117,
DEMIS-S-528701,G4,المعادي,,Physical-DS-G839,
DEMIS-S-528702,G4,الهرم,,Physical-DS-G388,
DEMIS-S-528703,G4,العباسية,,Physical-DS-G789,
DEMIS-S-528704,G5,شبرا,,Physical-DS-G937,
DEMIS-S-528705,G5,المنيب,,Physical-DS-G379,
DEMIS-S-528706,G6,العمرانية,,Physical-DS-G370,
DEMIS-S-528707,G6,السلام,,Physical-DS-G754,
DEMIS-S-528708,G4,المنصورة,,Physical-DS-G462,
DEMIS-S-528709,G5,حدائق الأهرام,,Physical-DS-G432,
DEMIS-S-528710,G5,6 أكتوبر,,Physical-DS-G287,
DEMIS-S-528711,G4,المنيا,,Physical-DS-G1187,
DEMIS-S-528712,G4,حلوان,,Physical-DS-G895,
DEMIS-S-528713,G4,حلوان,,Physical-DS-G895,
DEMIS-S-528714,G4,المعادي,,Physical-DS-G839,
DEMIS-S-528715,G4,المنيا,,Physical-DS-G1187,
DEMIS-S-528716,G5,شبرا,,Physical-DS-G937,
DEMIS-S-528717,G5,بورسعيد,,Physical-DS-G1254,
DEMIS-S-528718,G4,السلام,,Physical-DS-G719,
DEMIS-S-528719,G4,المنتزة ثان,,Physical-DS-G103,
DEMIS-S-528720,G5,مدينة نصر,,Physical-DS-G971,
DEMIS-S-528721,G5,بنها,,Physical-DS-G1061,
DEMIS-S-528722,G5,حي وسط,,Physical-DS-G166,
DEMIS-S-528723,G5,دمنهور,,Physical-DS-G232,
DEMIS-S-528724,G5,حدائق القبة,,Physical-DS-G888,
DEMIS-S-528725,G4,إمبابة,,Physical-DS-G306,
DEMIS-S-528726,G4,مدينة نصر,,Physical-DS-G946,
DEMIS-S-528727,G4,طنطا,,Physical-DS-G641,
DEMIS-S-528728,G4,العمرانية,,Physical-DS-G354,
DEMIS-S-528729,G4,الزقازيق,,Physical-DS-G544,
DEMIS-S-528730,G5,طهطا,,Physical-DS-G1330,
DEMIS-S-528731,G4,ميت غمر,,Physical-DS-G485,
DEMIS-S-528732,G5,دمنهور,,Physical-DS-G232,
DEMIS-S-528733,G5,شبين الكوم,,Physical-DS-G1163,
DEMIS-S-528734,G5,حلوان,,Physical-DS-G912,
DEMIS-S-528735,G4,سمنود,,Physical-DS-G627,
DEMIS-S-528736,G4,قليوب,,Physical-DS-G1110,
DEMIS-S-528737,G6,دمنهور,,Physical-DS-G238,
DEMIS-S-528738,G5,قويسنا,,Physical-DS-G1182,
DEMIS-S-528739,G4,طنطا,,Physical-DS-G641,
DEMIS-S-528740,G4,الهرم,,Physical-DS-G388,
DEMIS-S-528741,G5,الأقصر,,Physical-DS-G63,
DEMIS-S-528742,G5,السلام,,Physical-DS-G741,
DEMIS-S-528743,G4,المنيا,,Physical-DS-G1187,
DEMIS-S-528744,G4,طنطا,,Physical-DS-G641,
DEMIS-S-528745,G5,فيصل,,Physical-DS-G452,
DEMIS-S-528746,G4,العباسية,,Physical-DS-G789,
DEMIS-S-528747,G4,حي وسط,,Physical-DS-G158,
DEMIS-S-528748,G4,حلوان,,Physical-DS-G895,
DEMIS-S-528749,G5,المنصورة,,Physical-DS-G474,
DEMIS-S-528750,G4,القاهرة الجديدة,,Physical-DS-G798,
DEMIS-S-528751,G5,المعادي,,Physical-DS-G865,
DEMIS-S-528752,G4,مصر الجديدة,,Physical-DS-G991,
DEMIS-S-528753,G5,الداخلة,,Physical-DS-G1218,
DEMIS-S-528754,G4,شبين الكوم,,Physical-DS-G1147,
DEMIS-S-528755,G4,الشروق,,Physical-DS-G761,
DEMIS-S-528756,G4,بنى سويف,,Physical-DS-G1220,
DEMIS-S-528757,G5,طنطا,,Physical-DS-G661,
DEMIS-S-528758,G6,السلام,,Physical-DS-G754,
DEMIS-S-528759,G5,الأقصر,,Physical-DS-G63,
DEMIS-S-528760,G6,بنى سويف,,Physical-DS-G1235,
DEMIS-S-528761,G5,المنيا,,Physical-DS-G1198,
DEMIS-S-528762,G6,مصر الجديدة,,Physical-DS-G1013,
DEMIS-S-528763,G4,شبرا الخيمة,,Physical-DS-G1072,
DEMIS-S-528764,G4,الزقازيق,,Physical-DS-G544,
DEMIS-S-528765,G4,شبرا الخيمة,,Physical-DS-G1072,
DEMIS-S-528766,G5,المحلة الكبرى,,Physical-DS-G619,
DEMIS-S-528767,G5,فاقوس,,Physical-DS-G605,
DEMIS-S-528768,G6,حدائق الأهرام,,Physical-DS-G436,
DEMIS-S-528769,G5,6 أكتوبر,,Physical-DS-G259,
DEMIS-S-528770,G4,المنيا,,Physical-DS-G1187,
DEMIS-S-528771,G5,دمنهور,,Physical-DS-G232,
DEMIS-S-528772,G5,العبور,,Physical-DS-G1042,
DEMIS-S-528773,G4,مصر الجديدة,,Physical-DS-G991,
DEMIS-S-528774,G5,المنيا,,Physical-DS-G1198,
DEMIS-S-528775,G5,الزقازيق,,Physical-DS-G560,
DEMIS-S-528776,G4,شبرا الخيمة,,Physical-DS-G1072,
DEMIS-S-528777,G4,بنى سويف,,Physical-DS-G1220,
DEMIS-S-528778,G4,الشروق,,Physical-DS-G761,
DEMIS-S-528779,G4,كفر الشيخ,,Physical-DS-G1371,
DEMIS-S-528780,G4,أسيوط,,Physical-DS-G15,
DEMIS-S-528781,G4,شبرا الخيمة,,Physical-DS-G1072,
DEMIS-S-528782,G5,طنطا,,Physical-DS-G661,
DEMIS-S-528783,G4,طنطا,,Physical-DS-G641,
DEMIS-S-528784,G5,السلام,,Physical-DS-G741,
DEMIS-S-528785,G6,شبراخيت,,Physical-DS-G254,
DEMIS-S-528786,G5,حي وسط,,Physical-DS-G166,
DEMIS-S-528787,G6,سوهاج,,Physical-DS-G1323,
DEMIS-S-528788,G4,شبراخيت,,Physical-DS-G242,
DEMIS-S-528789,G4,أول المنتزة,,Physical-DS-G70,
DEMIS-S-528790,G4,العباسية,,Physical-DS-G789,
DEMIS-S-528791,G6,السلام,,Physical-DS-G754,
DEMIS-S-528792,G5,قليوب,,Physical-DS-G1114,
DEMIS-S-528793,G4,الدقي,,Physical-DS-G326,
DEMIS-S-528794,G4,بورفؤاد,,Physical-DS-G1261,
DEMIS-S-528795,G5,ميت غمر,,Physical-DS-G509,
DEMIS-S-528796,G5,ميت غمر,,Physical-DS-G510,
DEMIS-S-528797,G4,طنطا,,Physical-DS-G641,
DEMIS-S-528798,G6,شبرا الخيمة,,Physical-DS-G1096,
DEMIS-S-528799,G5,نجع حمادي,,Physical-DS-G1358,
DEMIS-S-528800,G4,طنطا,,Physical-DS-G641,
DEMIS-S-528801,G4,سوهاج,,Physical-DS-G1298,
DEMIS-S-528802,G4,عجمي,,Physical-DS-G172,
DEMIS-S-528803,G4,بنها,,Physical-DS-G1051,
DEMIS-S-528804,G4,العمرانية,,Physical-DS-G354,
DEMIS-S-528805,G4,طنطا,,Physical-DS-G642,
DEMIS-S-528806,G5,شبين القناطر,,Physical-DS-G1105,
DEMIS-S-528807,G4,العمرانية,,Physical-DS-G354,
DEMIS-S-528808,G5,شبراخيت,,Physical-DS-G250,
DEMIS-S-528809,G4,الهرم,,Physical-DS-G388,
DEMIS-S-528810,G4,العبور,,Physical-DS-G1029,
DEMIS-S-528811,G4,دسوق,,Physical-DS-G1361,
DEMIS-S-528812,G4,المعادي,,Physical-DS-G839,
DEMIS-S-528813,G5,شبرا الخيمة,,Physical-DS-G1087,
DEMIS-S-528814,G4,أسيوط,,Physical-DS-G15,
DEMIS-S-528815,G4,طنطا,,Physical-DS-G642,
DEMIS-S-528816,G4,حي شرق,,Physical-DS-G134,
DEMIS-S-528817,G5,الفيوم,,Physical-DS-G693,
DEMIS-S-528818,G5,الهرم,,Physical-DS-G409,
DEMIS-S-528819,G4,عجمي,,Physical-DS-G172,
DEMIS-S-528820,G5,الفيوم,,Physical-DS-G693,
DEMIS-S-528821,G4,عجمي,,Physical-DS-G172,
DEMIS-S-528822,G5,حلوان,,Physical-DS-G912,
DEMIS-S-528823,G5,العباسية,,Physical-DS-G794,
DEMIS-S-528824,G5,فيصل,,Physical-DS-G452,
DEMIS-S-528825,G4,برج العرب,,Physical-DS-G129,
DEMIS-S-528826,G4,بورسعيد,,Physical-DS-G1247,
DEMIS-S-528827,G4,دمياط,,Physical-DS-G1275,
DEMIS-S-528828,G4,العبور,,Physical-DS-G1029,
DEMIS-S-528829,G5,المنيا,,Physical-DS-G1198,
DEMIS-S-528830,G4,بلبيس,,Physical-DS-G590,
DEMIS-S-528831,G6,فيصل,,Physical-DS-G459,
DEMIS-S-528832,G5,بنى سويف,,Physical-DS-G1230,
DEMIS-S-528833,G6,بلبيس,,Physical-DS-G597,
DEMIS-S-528834,G6,السلام,,Physical-DS-G754,
DEMIS-S-528835,G5,مصر الجديدة,,Physical-DS-G1006,
DEMIS-S-528836,G4,مصر الجديدة,,Physical-DS-G991,
DEMIS-S-528837,G5,العاشر من رمضان,,Physical-DS-G584,
DEMIS-S-528838,G5,الشروق,,Physical-DS-G778,
DEMIS-S-528839,G5,المنتزة ثان,,Physical-DS-G119,
DEMIS-S-528840,G4,العمرانية,,Physical-DS-G355,
DEMIS-S-528841,G4,العبور,,Physical-DS-G1029,
DEMIS-S-528842,G5,كفر الشيخ,,Physical-DS-G1377,
DEMIS-S-528843,G5,الدقي,,Physical-DS-G326,
DEMIS-S-528844,G5,سمنود,,Physical-DS-G633,
DEMIS-S-528845,G4,حلوان,,Physical-DS-G895,
DEMIS-S-528846,G5,سمنود,,Physical-DS-G633,
DEMIS-S-528847,G5,شبرا الخيمة,,Physical-DS-G1087,
DEMIS-S-528848,G5,شبرا الخيمة,,Physical-DS-G1087,
DEMIS-S-528849,G5,بنى سويف,,Physical-DS-G1230,
DEMIS-S-528850,G4,دسوق,,Physical-DS-G1361,
DEMIS-S-528851,G4,ملوي,,Physical-DS-G1208,
DEMIS-S-528852,G4,منفلوط,,Physical-DS-G53,
DEMIS-S-528853,G4,الغردقة,,Physical-DS-G207,
DEMIS-S-528854,G4,6 أكتوبر,,Physical-DS-G259,
DEMIS-S-528855,G4,طنطا,,Physical-DS-G642,
DEMIS-S-528856,G4,المعادي,,Physical-DS-G839,
DEMIS-S-528857,G4,مدينة نصر,,Physical-DS-G946,
DEMIS-S-528858,G6,السلام,,Physical-DS-G754,
DEMIS-S-528859,G5,الزقازيق,,Physical-DS-G560,
DEMIS-S-528860,G4,الشروق,,Physical-DS-G761,
DEMIS-S-528861,G5,شبرا الخيمة,,Physical-DS-G1087,
DEMIS-S-528862,G6,وسط البلد,,Physical-DS-G1027,
DEMIS-S-528863,G4,الشروق,,Physical-DS-G761,
DEMIS-S-528864,G4,6 أكتوبر,,Physical-DS-G259,
DEMIS-S-528865,G4,حلوان,,Physical-DS-G895,
DEMIS-S-528866,G4,الإسماعيلية,,Physical-DS-G191,
DEMIS-S-528867,G6,الشروق,,Physical-DS-G786,
DEMIS-S-528868,G6,شبرا الخيمة,,Physical-DS-G1072,
DEMIS-S-528869,G4,السلام,,Physical-DS-G719,
DEMIS-S-528870,G4,المنصورة,,Physical-DS-G462,
DEMIS-S-528871,G5,حلوان,,Physical-DS-G912,
DEMIS-S-528872,G6,الهرم,,Physical-DS-G388,
DEMIS-S-528873,G5,أسيوط,,Physical-DS-G31,
DEMIS-S-528874,G4,السلام,,Physical-DS-G719,
DEMIS-S-528875,G6,المنصورة,,Physical-DS-G480,
DEMIS-S-528876,G6,عجمي,,Physical-DS-G188,
DEMIS-S-528877,G5,حي شرق,,Physical-DS-G147,
DEMIS-S-528878,G5,القاهرة الجديدة,,Physical-DS-G821,
DEMIS-S-528879,G5,المنصورة,,Physical-DS-G474,
DEMIS-S-528880,G5,مدينة نصر,,Physical-DS-G971,
DEMIS-S-528881,G4,حدائق الأهرام,,Physical-DS-G426,
DEMIS-S-528882,G6,ميت غمر,,Physical-DS-G525,
DEMIS-S-528883,G4,أسوان,,Physical-DS-G1,
DEMIS-S-528884,G4,المنتزة ثان,,Physical-DS-G103,
DEMIS-S-528885,G4,بنها,,Physical-DS-G1051,
DEMIS-S-528886,G6,المنصورة,,Physical-DS-G480,
DEMIS-S-528887,G5,الشروق,,Physical-DS-G778,
DEMIS-S-528888,G5,طنطا,,Physical-DS-G661,
DEMIS-S-528889,G4,الفيوم,,Physical-DS-G682,
DEMIS-S-528890,G4,دسوق,,Physical-DS-G1361,
DEMIS-S-528891,G5,المنيا,,Physical-DS-G1198,
DEMIS-S-528892,G4,أسيوط,,Physical-DS-G15,
DEMIS-S-528893,G4,حلوان,,Physical-DS-G895,
DEMIS-S-528894,G4,الفيوم,,Physical-DS-G682,
DEMIS-S-528895,G4,حدائق القبة,,Physical-DS-G881,
DEMIS-S-528896,G6,فيصل,,Physical-DS-G459,
DEMIS-S-528897,G6,القاهرة الجديدة,,Physical-DS-G833,
DEMIS-S-528898,G4,مدينة نصر,,Physical-DS-G946,
DEMIS-S-528899,G5,المنصورة,,Physical-DS-G474,
DEMIS-S-528900,G4,السلام,,Physical-DS-G719,
DEMIS-S-528901,G5,الهرم,,Physical-DS-G409,
DEMIS-S-528902,G4,دمياط,,Physical-DS-G1275,
DEMIS-S-528903,G4,السلام,,Physical-DS-G719,
DEMIS-S-528904,G4,الهرم,,Physical-DS-G388,
DEMIS-S-528905,G4,ملوي,,Physical-DS-G1208,
DEMIS-S-528906,G4,الشروق,,Physical-DS-G761,
DEMIS-S-528907,G6,دمياط,,Physical-DS-G1291,
DEMIS-S-528908,G4,عجمي,,Physical-DS-G173,
DEMIS-S-528909,G6,أسيوط,,Physical-DS-G39,
DEMIS-S-528910,G4,العبور,,Physical-DS-G1029,
DEMIS-S-528911,G4,شبرا الخيمة,,Physical-DS-G1072,
DEMIS-S-528912,G6,السلام,,Physical-DS-G754,
DEMIS-S-528913,G5,وسط البلد,,Physical-DS-G1023,
DEMIS-S-528914,G6,العبور,,Physical-DS-G1048,
DEMIS-S-528915,G4,المعادي,,Physical-DS-G840,
DEMIS-S-528916,G4,أسوان,,Physical-DS-G1,
DEMIS-S-528917,G5,ميت غمر,,Physical-DS-G510,
DEMIS-S-528918,G4,6 أكتوبر,,Physical-DS-G259,
DEMIS-S-528919,G6,شبرا الخيمة,,Physical-DS-G1072,
DEMIS-S-528920,G6,حي شرق,,Physical-DS-G155,
DEMIS-S-528921,G4,عجمي,,Physical-DS-G173,
DEMIS-S-528922,G5,المنيا,,Physical-DS-G1198,
DEMIS-S-528923,G4,شبرا الخيمة,,Physical-DS-G1072,
DEMIS-S-528924,G5,الهرم,,Physical-DS-G409,
DEMIS-S-528925,G5,6 أكتوبر,,Physical-DS-G287,
DEMIS-S-528926,G5,أسيوط,,Physical-DS-G15,
DEMIS-S-528927,G6,المحلة الكبرى,,Physical-DS-G624,
DEMIS-S-528928,G5,شبين الكوم,,Physical-DS-G1163,
DEMIS-S-528929,G4,شبرا,,Physical-DS-G923,
DEMIS-S-528930,G5,الشروق,,Physical-DS-G778,
DEMIS-S-528931,G4,القاهرة الجديدة,,Physical-DS-G798,
DEMIS-S-528932,G5,أول المنتزة,,Physical-DS-G80,
DEMIS-S-528933,G4,أسيوط,,Physical-DS-G15,
DEMIS-S-528935,G4,قويسنا,,Physical-DS-G1176,
DEMIS-S-528936,G5,حلوان,,Physical-DS-G896,
DEMIS-S-528937,G6,سوهاج,,Physical-DS-G1323,
DEMIS-S-528938,G6,العباسية,,Physical-DS-G796,
DEMIS-S-528939,G6,السلام,,Physical-DS-G754,
DEMIS-S-528940,G4,شبرا الخيمة,,Physical-DS-G1072,
DEMIS-S-528941,G4,العبور,,Physical-DS-G1029,
DEMIS-S-528942,G6,دسوق,,Physical-DS-G1369,
DEMIS-S-528943,G4,بنها,,Physical-DS-G1051,
DEMIS-S-528944,G4,السلام,,Physical-DS-G719,
DEMIS-S-528945,G5,الفيوم,,Physical-DS-G693,
DEMIS-S-528946,G5,الشيخ زايد,,Physical-DS-G349,
DEMIS-S-528947,G5,السلام,,Physical-DS-G741,
DEMIS-S-528948,G6,الفيوم,,Physical-DS-G701,
DEMIS-S-528949,G4,دمنهور,,Physical-DS-G220,
DEMIS-S-528950,G6,ميت غمر,,Physical-DS-G525,
DEMIS-S-528951,G5,مصر الجديدة,,Physical-DS-G1006,
DEMIS-S-528952,G6,ميت غمر,,Physical-DS-G525,
DEMIS-S-528953,G5,الشروق,,Physical-DS-G778,
DEMIS-S-528954,G4,سمنود,,Physical-DS-G627,
DEMIS-S-528955,G4,العبور,,Physical-DS-G1029,
DEMIS-S-528956,G4,مدينة نصر,,Physical-DS-G946,
DEMIS-S-528957,G6,شبين القناطر,,Physical-DS-G1100,
DEMIS-S-528958,G5,المنيا,,Physical-DS-G1198,
DEMIS-S-528959,G4,الفيوم,,Physical-DS-G682,
DEMIS-S-528960,G4,السادات,,Physical-DS-G1126,
DEMIS-S-528961,G6,سمنود,,Physical-DS-G627,
DEMIS-S-528962,G4,شبرا الخيمة,,Physical-DS-G1072,
DEMIS-S-528964,G5,بلبيس,,Physical-DS-G594,
DEMIS-S-528965,G5,الزقازيق,,Physical-DS-G560,
DEMIS-S-528966,G4,شبرا الخيمة,,Physical-DS-G1072,
DEMIS-S-528967,G6,حلوان,,Physical-DS-G920,
DEMIS-S-528968,G5,مصر الجديدة,,Physical-DS-G1006,
DEMIS-S-528969,G5,دسوق,,Physical-DS-G1366,
DEMIS-S-528970,G4,6 أكتوبر,,Physical-DS-G259,
DEMIS-S-528971,G5,بورسعيد,,Physical-DS-G1254,
DEMIS-S-528972,G6,بورسعيد,,Physical-DS-G1259,
DEMIS-S-528973,G4,6 أكتوبر,,Physical-DS-G259,
DEMIS-S-528974,G4,كفر الشيخ,,Physical-DS-G1371,
DEMIS-S-528975,G4,شبين الكوم,,Physical-DS-G1147,
DEMIS-S-528976,G4,قنا,,Physical-DS-G1337,
DEMIS-S-528977,G5,الإسماعيلية,,Physical-DS-G198,
DEMIS-S-528978,G6,السلام,,Physical-DS-G754,
DEMIS-S-528979,G4,حي شرق,,Physical-DS-G134,
DEMIS-S-528980,G6,6 أكتوبر,,Physical-DS-G259,
DEMIS-S-528981,G5,الزقازيق,,Physical-DS-G560,
DEMIS-S-528982,G5,شبرا,,Physical-DS-G937,
DEMIS-S-528983,G5,دمنهور,,Physical-DS-G220,
DEMIS-S-528984,G5,دمياط,,Physical-DS-G1285,
DEMIS-S-528985,G4,6 أكتوبر,,Physical-DS-G260,
DEMIS-S-528986,G5,إمبابة,,Physical-DS-G317,
DEMIS-S-528987,G4,السلام,,Physical-DS-G719,
DEMIS-S-528988,G5,المعادي,,Physical-DS-G865,
DEMIS-S-528989,G5,فاقوس,,Physical-DS-G605,
DEMIS-S-528990,G5,بنها,,Physical-DS-G1061,
DEMIS-S-528991,G6,الشروق,,Physical-DS-G786,
DEMIS-S-528992,G4,ملوي,,Physical-DS-G1208,
DEMIS-S-528993,G5,أول المنتزة,,Physical-DS-G80,
DEMIS-S-528994,G5,بركة السبع,,Physical-DS-G1143,
DEMIS-S-528995,G5,الأقصر,,Physical-DS-G63,
DEMIS-S-528996,G4,الشروق,,Physical-DS-G761,
DEMIS-S-528997,G5,15 مايو,,Physical-DS-G715,
DEMIS-S-528998,G6,فاقوس,,Physical-DS-G609,
DEMIS-S-528999,G5,الهرم,,Physical-DS-G409,
DEMIS-S-529000,G5,طهطا,,Physical-DS-G1330,
DEMIS-S-529001,G4,أسيوط,,Physical-DS-G15,
DEMIS-S-529002,G6,إمبابة,,Physical-DS-G323,
DEMIS-S-529003,G5,المعادي,,Physical-DS-G865,
DEMIS-S-529004,G4,سمنود,,Physical-DS-G627,
DEMIS-S-529005,G6,الأقصر,,Physical-DS-G67,
DEMIS-S-529006,G5,إمبابة,,Physical-DS-G306,
DEMIS-S-529007,G5,شبرا,,Physical-DS-G937,
DEMIS-S-529008,G4,ميت غمر,,Physical-DS-G485,
DEMIS-S-529009,G5,المنيب,,Physical-DS-G379,
DEMIS-S-529010,G5,المنيب,,Physical-DS-G379,
DEMIS-S-529011,G5,إمبابة,,Physical-DS-G317,
DEMIS-S-529012,G5,فايد,,Physical-DS-G205,
DEMIS-S-529013,G4,شبراخيت,,Physical-DS-G242,
DEMIS-S-529014,G6,المنيب,,Physical-DS-G384,
DEMIS-S-529015,G4,المنتزة ثان,,Physical-DS-G103,
DEMIS-S-529016,G5,الهرم,,Physical-DS-G409,
DEMIS-S-529017,G4,حلوان,,Physical-DS-G896,
DEMIS-S-529018,G4,شبرا,,Physical-DS-G923,
DEMIS-S-529019,G4,القاهرة الجديدة,,Physical-DS-G798,
DEMIS-S-529020,G4,أسيوط,,Physical-DS-G15,
DEMIS-S-529021,G5,15 مايو,,Physical-DS-G709,
DEMIS-S-529022,G4,شبين القناطر,,Physical-DS-G1100,
DEMIS-S-529023,G4,الغردقة,,Physical-DS-G207,
DEMIS-S-529024,G4,حي وسط,,Physical-DS-G158,
DEMIS-S-529025,G4,الأقصر,,Physical-DS-G57,
DEMIS-S-529026,G6,سنورس,,Physical-DS-G708,
DEMIS-S-529027,G4,حي شرق,,Physical-DS-G134,
DEMIS-S-529028,G5,بنها,,Physical-DS-G1061,
DEMIS-S-529029,G4,السلام,,Physical-DS-G719,
DEMIS-S-529030,G5,سوهاج,,Physical-DS-G1313,
DEMIS-S-529031,G4,الزقازيق,,Physical-DS-G544,
DEMIS-S-529032,G5,الفيوم,,Physical-DS-G693,
DEMIS-S-529033,G4,منفلوط,,Physical-DS-G53,
DEMIS-S-529034,G6,العبور,,Physical-DS-G1048,
DEMIS-S-529035,G6,أول المنتزة,,Physical-DS-G84,
DEMIS-S-529036,G4,القاهرة الجديدة,,Physical-DS-G798,
DEMIS-S-529037,G4,شبراخيت,,Physical-DS-G242,
DEMIS-S-529038,G4,ديروط,,Physical-DS-G48,
DEMIS-S-529039,G6,السلام,,Physical-DS-G754,
DEMIS-S-529040,G4,الشروق,,Physical-DS-G761,
DEMIS-S-529041,G4,الإسماعيلية,,Physical-DS-G191,
DEMIS-S-529042,G6,الزقازيق,,Physical-DS-G545,
DEMIS-S-529043,G6,المعادي,,Physical-DS-G876,
DEMIS-S-529044,G4,ميت غمر,,Physical-DS-G485,
DEMIS-S-529045,G4,دمياط,,Physical-DS-G1275,
DEMIS-S-529046,G5,مدينة نصر,,Physical-DS-G971,
DEMIS-S-529047,G4,السلام,,Physical-DS-G719,
DEMIS-S-529048,G6,السويس,,Physical-DS-G542,
DEMIS-S-529049,G5,الشروق,,Physical-DS-G778,
DEMIS-S-529050,G5,المنصورة,,Physical-DS-G474,
DEMIS-S-529051,G4,الشروق,,Physical-DS-G761,
DEMIS-S-529052,G4,الهرم,,Physical-DS-G388,
DEMIS-S-529053,G6,فيصل,,Physical-DS-G459,
DEMIS-S-529054,G5,الزقازيق,,Physical-DS-G560,
DEMIS-S-529055,G5,حي وسط,,Physical-DS-G166,
DEMIS-S-529056,G4,السلام,,Physical-DS-G720,
DEMIS-S-529057,G4,حي وسط,,Physical-DS-G158,
DEMIS-S-529058,G4,حي وسط,,Physical-DS-G158,
DEMIS-S-529059,G5,6 أكتوبر,,Physical-DS-G287,
DEMIS-S-529060,G5,6 أكتوبر,,Physical-DS-G287,
DEMIS-S-529061,G6,شبرا الخيمة,,Physical-DS-G1096,
DEMIS-S-529062,G4,سوهاج,,Physical-DS-G1298,
DEMIS-S-529063,G5,حدائق الأهرام,,Physical-DS-G432,
DEMIS-S-529064,G4,شبين القناطر,,Physical-DS-G1100,
DEMIS-S-529065,G4,السادات,,Physical-DS-G1126,
DEMIS-S-529066,G4,الإسماعيلية,,Physical-DS-G191,
DEMIS-S-529067,G4,العاشر من رمضان,,Physical-DS-G576,
DEMIS-S-529068,G5,6 أكتوبر,,Physical-DS-G287,
DEMIS-S-529069,G5,حي شرق,,Physical-DS-G147,
DEMIS-S-529070,G4,الهرم,,Physical-DS-G388,
DEMIS-S-529071,G6,مدينة نصر,,Physical-DS-G985,
DEMIS-S-529072,G4,إمبابة,,Physical-DS-G306,
DEMIS-S-529073,G5,السويس,,Physical-DS-G534,
DEMIS-S-529074,G4,6 أكتوبر,,Physical-DS-G260,
DEMIS-S-529075,G4,العبور,,Physical-DS-G1029,
DEMIS-S-529076,G4,المنصورة,,Physical-DS-G462,
DEMIS-S-529077,G4,قليوب,,Physical-DS-G1110,
DEMIS-S-529078,G4,فيصل,,Physical-DS-G439,
DEMIS-S-529079,G5,حلوان,,Physical-DS-G912,
DEMIS-S-529080,G4,شبين الكوم,,Physical-DS-G1147,
DEMIS-S-529081,G4,الهرم,,Physical-DS-G388,
DEMIS-S-529082,G5,شبين الكوم,,Physical-DS-G1163,
DEMIS-S-529083,G4,المنيب,,Physical-DS-G373,
DEMIS-S-529084,G4,السلام,,Physical-DS-G720,
DEMIS-S-529085,G5,السادات,,Physical-DS-G1131,
DEMIS-S-529086,G4,فيصل,,Physical-DS-G439,
DEMIS-S-529087,G6,عجمي,,Physical-DS-G188,
DEMIS-S-529088,G5,شبراخيت,,Physical-DS-G250,
DEMIS-S-529089,G5,شبين الكوم,,Physical-DS-G1163,
DEMIS-S-529090,G4,المنتزة ثان,,Physical-DS-G103,
DEMIS-S-529091,G6,شبرا,,Physical-DS-G943,
DEMIS-S-529092,G4,السلام,,Physical-DS-G720,
DEMIS-S-529093,G5,إمبابة,,Physical-DS-G317,
DEMIS-S-529094,G5,حلوان,,Physical-DS-G912,
DEMIS-S-529095,G4,شبرا,,Physical-DS-G923,
DEMIS-S-529096,G4,السلام,,Physical-DS-G720,
DEMIS-S-529097,G5,عجمي,,Physical-DS-G183,
DEMIS-S-529098,G5,مصر الجديدة,,Physical-DS-G1006,
DEMIS-S-529099,G4,حدائق الأهرام,,Physical-DS-G426,
DEMIS-S-529100,G5,إمبابة,,Physical-DS-G317,
DEMIS-S-529101,G4,عجمي,,Physical-DS-G173,
DEMIS-S-529102,G4,الزقازيق,,Physical-DS-G545,
DEMIS-S-529103,G5,المعادي,,Physical-DS-G865,
DEMIS-S-529104,G5,بنى سويف,,Physical-DS-G1230,
DEMIS-S-529105,G5,دمنهور,,Physical-DS-G232,
DEMIS-S-529106,G4,عجمي,,Physical-DS-G173,
DEMIS-S-529107,G4,المعادي,,Physical-DS-G840,
DEMIS-S-529108,G6,الزقازيق,,Physical-DS-G570,
DEMIS-S-529109,G4,طنطا,,Physical-DS-G642,
DEMIS-S-529110,G4,فاقوس,,Physical-DS-G599,
DEMIS-S-529111,G5,طنطا,,Physical-DS-G661,
DEMIS-S-529112,G5,العمرانية,,Physical-DS-G365,
DEMIS-S-529113,G6,شبرا الخيمة,,Physical-DS-G1096,
DEMIS-S-529114,G5,طنطا,,Physical-DS-G661,
DEMIS-S-529115,G4,المنتزة ثان,,Physical-DS-G103,
DEMIS-S-529116,G4,حي شرق,,Physical-DS-G134,
DEMIS-S-529117,G4,العمرانية,,Physical-DS-G355,
DEMIS-S-529118,G4,ميت غمر,,Physical-DS-G485,
DEMIS-S-529119,G6,شبرا الخيمة,,Physical-DS-G1096,
DEMIS-S-529120,G4,بلبيس,,Physical-DS-G590,
DEMIS-S-529121,G6,فيصل,,Physical-DS-G439,
DEMIS-S-529122,G5,الغردقة,,Physical-DS-G214,
DEMIS-S-529123,G4,أسوان,,Physical-DS-G1,
DEMIS-S-529124,G5,القاهرة الجديدة,,Physical-DS-G821,
DEMIS-S-529125,G4,المعادي,,Physical-DS-G840,
DEMIS-S-529126,G6,بركة السبع,,Physical-DS-G1145,
DEMIS-S-529127,G4,حلوان,,Physical-DS-G896,
DEMIS-S-529128,G4,الشروق,,Physical-DS-G761,
DEMIS-S-529129,G4,المعادي,,Physical-DS-G840,
DEMIS-S-529130,G6,مدينة نصر,,Physical-DS-G985,
DEMIS-S-529131,G6,قنا,,Physical-DS-G1350,
DEMIS-S-529132,G6,طنطا,,Physical-DS-G673,
DEMIS-S-529133,G5,أسيوط,,Physical-DS-G31,
DEMIS-S-529134,G4,الغردقة,,Physical-DS-G207,
DEMIS-S-529135,G5,القاهرة الجديدة,,Physical-DS-G821,
DEMIS-S-529136,G5,السلام,,Physical-DS-G741,
DEMIS-S-529137,G6,أشمون,,Physical-DS-G1124,
DEMIS-S-529138,G4,القاهرة الجديدة,,Physical-DS-G798,
DEMIS-S-529139,G5,فيصل,,Physical-DS-G452,
DEMIS-S-529140,G6,أسوان,,Physical-DS-G8,
DEMIS-S-529141,G5,الفيوم,,Physical-DS-G693,
DEMIS-S-529142,G6,المنيا,,Physical-DS-G1205,
DEMIS-S-529143,G5,سوهاج,,Physical-DS-G1313,
DEMIS-S-529144,G4,مصر الجديدة,,Physical-DS-G991,
DEMIS-S-529145,G5,ملوي,,Physical-DS-G1208,
DEMIS-S-529146,G4,السلام,,Physical-DS-G720,
DEMIS-S-529147,G4,الأقصر,,Physical-DS-G57,
DEMIS-S-529148,G4,مصر الجديدة,,Physical-DS-G991,
DEMIS-S-529149,G4,مدينة نصر,,Physical-DS-G946,
DEMIS-S-529150,G5,المعادي,,Physical-DS-G865,
DEMIS-S-529151,G4,طنطا,,Physical-DS-G642,
DEMIS-S-529152,G6,طنطا,,Physical-DS-G673,
DEMIS-S-529153,G6,السويس,,Physical-DS-G542,
DEMIS-S-529154,G4,العمرانية,,Physical-DS-G355,
DEMIS-S-529155,G5,العمرانية,,Physical-DS-G365,
DEMIS-S-529156,G4,سنورس,,Physical-DS-G705,
DEMIS-S-529157,G6,سوهاج,,Physical-DS-G1298,
DEMIS-S-529158,G4,المنيا,,Physical-DS-G1187,
DEMIS-S-529159,G4,ابنوب,,Physical-DS-G42,
DEMIS-S-529160,G4,المنتزة ثان,,Physical-DS-G103,
DEMIS-S-529161,G5,شبرا الخيمة,,Physical-DS-G1072,
DEMIS-S-529162,G6,كفر الشيخ,,Physical-DS-G1381,
DEMIS-S-529163,G6,السويس,,Physical-DS-G542,
DEMIS-S-529164,G4,شبرا,,Physical-DS-G924,
DEMIS-S-529165,G4,المنيا,,Physical-DS-G1187,
DEMIS-S-529166,G4,أشمون,,Physical-DS-G1117,
DEMIS-S-529167,G4,شبراخيت,,Physical-DS-G242,
DEMIS-S-529168,G4,عجمي,,Physical-DS-G173,
DEMIS-S-529169,G4,مدينة نصر,,Physical-DS-G946,
DEMIS-S-529170,G4,شبرا,,Physical-DS-G924,
DEMIS-S-529171,G4,الدقي,,Physical-DS-G326,
DEMIS-S-529172,G4,بنها,,Physical-DS-G1051,
DEMIS-S-529173,G4,مدينة نصر,,Physical-DS-G946,
DEMIS-S-529174,G4,بركة السبع,,Physical-DS-G1139,
DEMIS-S-529175,G5,ميت غمر,,Physical-DS-G510,
DEMIS-S-529176,G4,ميت غمر,,Physical-DS-G485,
DEMIS-S-529177,G4,القاهرة الجديدة,,Physical-DS-G798,
DEMIS-S-529178,G4,بنها,,Physical-DS-G1051,
DEMIS-S-529179,G4,العمرانية,,Physical-DS-G355,
DEMIS-S-529180,G4,ملوي,,Physical-DS-G1208,
DEMIS-S-529181,G4,منفلوط,,Physical-DS-G53,
DEMIS-S-529182,G4,ميت غمر,,Physical-DS-G485,
DEMIS-S-529183,G4,قنا,,Physical-DS-G1337,
DEMIS-S-529184,G4,ميت غمر,,Physical-DS-G485,
DEMIS-S-529185,G5,ملوي,,Physical-DS-G1211,
DEMIS-S-529186,G4,شبرا,,Physical-DS-G924,
DEMIS-S-529187,G4,حي شرق,,Physical-DS-G134,
DEMIS-S-529188,G4,الشروق,,Physical-DS-G761,
DEMIS-S-529189,G5,العاشر من رمضان,,Physical-DS-G584,
DEMIS-S-529190,G5,الزقازيق,,Physical-DS-G560,
DEMIS-S-529191,G4,الزقازيق,,Physical-DS-G545,
DEMIS-S-529192,G4,شبرا الخيمة,,Physical-DS-G1072,
DEMIS-S-529193,G5,ميت غمر,,Physical-DS-G510,
DEMIS-S-529194,G4,6 أكتوبر,,Physical-DS-G260,
DEMIS-S-529195,G6,فاقوس,,Physical-DS-G609,
DEMIS-S-529196,G5,كفر الشيخ,,Physical-DS-G1377,
DEMIS-S-529197,G4,6 أكتوبر,,Physical-DS-G260,
DEMIS-S-529198,G5,مدينة نصر,,Physical-DS-G971,
DEMIS-S-529199,G6,الإسماعيلية,,Physical-DS-G202,
DEMIS-S-529200,G4,6 أكتوبر,,Physical-DS-G260,
DEMIS-S-529201,G6,طنطا,,Physical-DS-G673,
DEMIS-S-529202,G5,الفيوم,,Physical-DS-G693,
DEMIS-S-529203,G4,شبين الكوم,,Physical-DS-G1147,
DEMIS-S-529204,G5,طنطا,,Physical-DS-G661,
DEMIS-S-529205,G4,المحلة الكبرى,,Physical-DS-G612,
DEMIS-S-529206,G6,أسوان,,Physical-DS-G8,
DEMIS-S-529207,G4,السلام,,Physical-DS-G720,
DEMIS-S-529208,G5,شبرا الخيمة,,Physical-DS-G1087,
DEMIS-S-529209,G4,مدينة نصر,,Physical-DS-G946,
DEMIS-S-529210,G4,القاهرة الجديدة,,Physical-DS-G798,
DEMIS-S-529211,G4,فيصل,,Physical-DS-G439,
DEMIS-S-529212,G4,الهرم,,Physical-DS-G388,
DEMIS-S-529213,G4,فيصل,,Physical-DS-G439,
DEMIS-S-529214,G4,حدائق الأهرام,,Physical-DS-G426,
DEMIS-S-529215,G4,الزقازيق,,Physical-DS-G545,
DEMIS-S-529216,G5,دمنهور,,Physical-DS-G220,
DEMIS-S-529217,G6,الهرم,,Physical-DS-G420,
DEMIS-S-529218,G4,السلام,,Physical-DS-G720,
DEMIS-S-529219,G4,المنيا,,Physical-DS-G1188,
DEMIS-S-529220,G6,ديروط,,Physical-DS-G52,
DEMIS-S-529221,G4,طنطا,,Physical-DS-G642,
DEMIS-S-529222,G6,أشمون,,Physical-DS-G1124,
DEMIS-S-529223,G5,السلام,,Physical-DS-G741,
DEMIS-S-529224,G4,مدينة نصر,,Physical-DS-G946,
DEMIS-S-529225,G5,شبرا,,Physical-DS-G937,
DEMIS-S-529226,G4,ميت غمر,,Physical-DS-G485,
DEMIS-S-529227,G5,ابوتيج,,Physical-DS-G46,
DEMIS-S-529228,G5,سوهاج,,Physical-DS-G1313,
DEMIS-S-529229,G4,مدينة نصر,,Physical-DS-G946,
DEMIS-S-529230,G4,قنا,,Physical-DS-G1337,
DEMIS-S-529231,G5,بوش,,Physical-DS-G1242,
DEMIS-S-529232,G5,الشروق,,Physical-DS-G778,
DEMIS-S-529233,G4,شبرا الخيمة,,Physical-DS-G1072,
DEMIS-S-529234,G6,السلام,,Physical-DS-G754,
DEMIS-S-529235,G4,أسيوط,,Physical-DS-G15,
DEMIS-S-529236,G4,طنطا,,Physical-DS-G642,
DEMIS-S-529237,G5,شبين الكوم,,Physical-DS-G1163,
DEMIS-S-529238,G5,أشمون,,Physical-DS-G1121,
DEMIS-S-529239,G4,مرسى مطروح,,Physical-DS-G1383,
DEMIS-S-529240,G6,العاشر من رمضان,,Physical-DS-G588,
DEMIS-S-529241,G5,المحلة الكبرى,,Physical-DS-G619,
DEMIS-S-529242,G4,إمبابة,,Physical-DS-G306,
DEMIS-S-529243,G4,ميت غمر,,Physical-DS-G485,
DEMIS-S-529244,G5,شبراخيت,,Physical-DS-G250,
DEMIS-S-529245,G4,الهرم,,Physical-DS-G388,
DEMIS-S-529246,G5,المنتزة ثان,,Physical-DS-G119,
DEMIS-S-529247,G4,المنيا,,Physical-DS-G1188,
DEMIS-S-529248,G4,العاشر من رمضان,,Physical-DS-G576,
DEMIS-S-529249,G4,الغردقة,,Physical-DS-G207,
DEMIS-S-529250,G6,بنها,,Physical-DS-G1067,
DEMIS-S-529251,G5,المحلة الكبرى,,Physical-DS-G619,
DEMIS-S-529252,G5,المنتزة ثان,,Physical-DS-G119,
DEMIS-S-529253,G5,بنها,,Physical-DS-G1061,
DEMIS-S-529254,G6,العبور,,Physical-DS-G1048,
DEMIS-S-529255,G4,الشروق,,Physical-DS-G761,
DEMIS-S-529256,G4,السادات,,Physical-DS-G1126,
DEMIS-S-529257,G6,شبراخيت,,Physical-DS-G254,
DEMIS-S-529258,G5,المعادي,,Physical-DS-G840,
DEMIS-S-529259,G4,العمرانية,,Physical-DS-G355,
DEMIS-S-529260,G5,ميت غمر,,Physical-DS-G510,
DEMIS-S-529261,G5,القاهرة الجديدة,,Physical-DS-G821,
DEMIS-S-529262,G4,إمبابة,,Physical-DS-G306,
DEMIS-S-529263,G5,طنطا,,Physical-DS-G661,
DEMIS-S-529264,G4,الزقازيق,,Physical-DS-G545,
DEMIS-S-529265,G4,طنطا,,Physical-DS-G642,
DEMIS-S-529266,G4,المنصورة,,Physical-DS-G462,
DEMIS-S-529267,G4,دسوق,,Physical-DS-G1361,
DEMIS-S-529268,G5,6 أكتوبر,,Physical-DS-G287,
DEMIS-S-529269,G6,بركة السبع,,Physical-DS-G1145,
DEMIS-S-529270,G4,قويسنا,,Physical-DS-G1176,
DEMIS-S-529271,G5,المحلة الكبرى,,Physical-DS-G619,
DEMIS-S-529272,G5,شبين الكوم,,Physical-DS-G1163,
DEMIS-S-529273,G5,الزقازيق,,Physical-DS-G560,
DEMIS-S-529274,G4,المنتزة ثان,,Physical-DS-G103,
DEMIS-S-529275,G4,المعادي,,Physical-DS-G840,
DEMIS-S-529276,G5,الزقازيق,,Physical-DS-G560,
DEMIS-S-529277,G4,كفر الشيخ,,Physical-DS-G1371,
DEMIS-S-529278,G6,العبور,,Physical-DS-G1048,
DEMIS-S-529279,G6,السلام,,Physical-DS-G754,
DEMIS-S-529280,G6,شبرا الخيمة,,Physical-DS-G1096,
DEMIS-S-529281,G5,الغردقة,,Physical-DS-G214,
DEMIS-S-529282,G4,الشروق,,Physical-DS-G761,
DEMIS-S-529283,G4,المنيب,,Physical-DS-G373,
DEMIS-S-529284,G4,شبرا الخيمة,,Physical-DS-G1072,
DEMIS-S-529285,G5,القاهرة الجديدة,,Physical-DS-G821,
DEMIS-S-529286,G4,المعادي,,Physical-DS-G840,
DEMIS-S-529287,G6,15 مايو,,Physical-DS-G717,
DEMIS-S-529288,G4,عجمي,,Physical-DS-G173,
DEMIS-S-529289,G4,سمنود,,Physical-DS-G627,
DEMIS-S-529290,G6,الأقصر,,Physical-DS-G67,
DEMIS-S-529291,G4,دمنهور,,Physical-DS-G220,
DEMIS-S-529292,G5,دسوق,,Physical-DS-G1366,
DEMIS-S-529293,G5,السلام,,Physical-DS-G741,
DEMIS-S-529294,G5,السلام,,Physical-DS-G741,
DEMIS-S-529295,G6,طنطا,,Physical-DS-G673,
DEMIS-S-529296,G6,المعادي,,Physical-DS-G876,
DEMIS-S-529297,G4,بنها,,Physical-DS-G1051,
DEMIS-S-529298,G4,شبرا,,Physical-DS-G924,
DEMIS-S-529299,G4,حي شرق,,Physical-DS-G134,
DEMIS-S-529300,G4,العمرانية,,Physical-DS-G355,
DEMIS-S-529301,G5,المنتزة ثان,,Physical-DS-G119,
DEMIS-S-529302,G5,ديروط,,Physical-DS-G50,
DEMIS-S-529303,G6,حلوان,,Physical-DS-G920,
DEMIS-S-529304,G5,سوهاج,,Physical-DS-G1313,
DEMIS-S-529305,G4,السويس,,Physical-DS-G534,
DEMIS-S-529306,G4,إمبابة,,Physical-DS-G306,
DEMIS-S-529307,G4,طنطا,,Physical-DS-G642,
DEMIS-S-529308,G6,قنا,,Physical-DS-G1350,
DEMIS-S-529309,G4,الشروق,,Physical-DS-G761,
DEMIS-S-529310,G6,قليوب,,Physical-DS-G1116,
DEMIS-S-529311,G5,القاهرة الجديدة,,Physical-DS-G821,
DEMIS-S-529312,G6,بلبيس,,Physical-DS-G590,
DEMIS-S-529313,G4,طنطا,,Physical-DS-G642,
DEMIS-S-529314,G4,شبرا الخيمة,,Physical-DS-G1072,
DEMIS-S-529315,G6,طنطا,,Physical-DS-G673,
DEMIS-S-529316,G4,قنا,,Physical-DS-G1337,
DEMIS-S-529317,G4,السلام,,Physical-DS-G720,
DEMIS-S-529318,G4,طنطا,,Physical-DS-G642,
DEMIS-S-529319,G4,الفيوم,,Physical-DS-G682,
DEMIS-S-529320,G4,الشروق,,Physical-DS-G761,
DEMIS-S-529321,G4,القاهرة الجديدة,,Physical-DS-G798,
DEMIS-S-529322,G5,المحلة الكبرى,,Physical-DS-G619,
DEMIS-S-529323,G5,مدينة نصر,,Physical-DS-G971,
DEMIS-S-529324,G5,سمنود,,Physical-DS-G633,
DEMIS-S-529325,G5,بركة السبع,,Physical-DS-G1143,
DEMIS-S-529326,G6,حي وسط,,Physical-DS-G170,
DEMIS-S-529327,G6,شبين الكوم,,Physical-DS-G1171,
DEMIS-S-529328,G6,العبور,,Physical-DS-G1048,
DEMIS-S-529329,G4,بورسعيد,,Physical-DS-G1247,
DEMIS-S-529330,G4,الهرم,,Physical-DS-G388,
DEMIS-S-529331,G5,أسيوط,,Physical-DS-G31,
DEMIS-S-529332,G5,طنطا,,Physical-DS-G661,
DEMIS-S-529333,G4,المنتزة ثان,,Physical-DS-G103,
DEMIS-S-529334,G5,العمرانية,,Physical-DS-G365,
DEMIS-S-529335,G5,شبين الكوم,,Physical-DS-G1163,
DEMIS-S-529336,G6,المنتزة ثان,,Physical-DS-G126,
DEMIS-S-529337,G4,طنطا,,Physical-DS-G642,
DEMIS-S-529338,G5,ميت غمر,,Physical-DS-G510,
DEMIS-S-529339,G6,شبراخيت,,Physical-DS-G254,
DEMIS-S-529340,G4,المنصورة,,Physical-DS-G462,
DEMIS-S-529341,G4,حلوان,,Physical-DS-G896,
DEMIS-S-529342,G4,المنصورة,,Physical-DS-G462,
DEMIS-S-529343,G5,المنصورة,,Physical-DS-G474,
DEMIS-S-529344,G4,فيصل,,Physical-DS-G439,
DEMIS-S-529345,G4,الهرم,,Physical-DS-G388,
DEMIS-S-529346,G4,الهرم,,Physical-DS-G388,
DEMIS-S-529347,G4,أشمون,,Physical-DS-G1117,
DEMIS-S-529348,G4,ميت غمر,,Physical-DS-G485,
DEMIS-S-529349,G6,مدينة نصر,,Physical-DS-G985,
DEMIS-S-529350,G6,إمبابة,,Physical-DS-G323,
DEMIS-S-529351,G4,عجمي,,Physical-DS-G173,
DEMIS-S-529352,G5,السلام,,Physical-DS-G741,
DEMIS-S-529353,G5,شبراخيت,,Physical-DS-G250,
DEMIS-S-529354,G4,حي وسط,,Physical-DS-G158,
DEMIS-S-529355,G5,نجع حمادي,,Physical-DS-G1356,
DEMIS-S-529356,G5,قويسنا,,Physical-DS-G1182,
DEMIS-S-529357,G5,حلوان,,Physical-DS-G912,
DEMIS-S-529358,G6,بنها,,Physical-DS-G1067,
DEMIS-S-529359,G5,حدائق القبة,,Physical-DS-G888,
DEMIS-S-529360,G4,قنا,,Physical-DS-G1337,
DEMIS-S-529361,G5,شبراخيت,,Physical-DS-G250,
DEMIS-S-529362,G5,العمرانية,,Physical-DS-G365,
DEMIS-S-529363,G4,دسوق,,Physical-DS-G1361,
DEMIS-S-529364,G5,بنها,,Physical-DS-G1061,
DEMIS-S-529365,G5,العاشر من رمضان,,Physical-DS-G584,
DEMIS-S-529366,G6,عجمي,,Physical-DS-G173,
DEMIS-S-529367,G6,الزقازيق,,Physical-DS-G570,
DEMIS-S-529368,G4,السلام,,Physical-DS-G720,
DEMIS-S-529369,G4,السلام,,Physical-DS-G720,
DEMIS-S-529370,G5,فاقوس,,Physical-DS-G605,
DEMIS-S-529371,G5,بلبيس,,Physical-DS-G594,
DEMIS-S-529372,G4,المنتزة ثان,,Physical-DS-G103,
DEMIS-S-529373,G4,قنا,,Physical-DS-G1337,
DEMIS-S-529374,G5,طنطا,,Physical-DS-G661,
DEMIS-S-529375,G5,الهرم,,Physical-DS-G409,
DEMIS-S-529376,G5,قوص,,Physical-DS-G1354,
DEMIS-S-529377,G6,فاقوس,,Physical-DS-G609,
DEMIS-S-529378,G5,منفلوط,,Physical-DS-G55,
DEMIS-S-529379,G4,مدينة نصر,,Physical-DS-G946,
DEMIS-S-529380,G4,طهطا,,Physical-DS-G1328,
DEMIS-S-529381,G5,سوهاج,,Physical-DS-G1313,
DEMIS-S-529382,G5,المنيب,,Physical-DS-G379,
DEMIS-S-529383,G5,شبين القناطر,,Physical-DS-G1105,
DEMIS-S-529384,G4,الفيوم,,Physical-DS-G682,
DEMIS-S-529385,G4,أول المنتزة,,Physical-DS-G70,
DEMIS-S-529386,G5,القاهرة الجديدة,,Physical-DS-G821,
DEMIS-S-529387,G5,الفيوم,,Physical-DS-G693,
DEMIS-S-529388,G6,بنها,,Physical-DS-G1067,
DEMIS-S-529389,G5,سوهاج,,Physical-DS-G1313,
DEMIS-S-529390,G5,إمبابة,,Physical-DS-G317,
DEMIS-S-529391,G6,السلام,,Physical-DS-G754,
DEMIS-S-529392,G4,بنى سويف,,Physical-DS-G1220,
DEMIS-S-529393,G5,إمبابة,,Physical-DS-G317,
DEMIS-S-529394,G6,طنطا,,Physical-DS-G673,
DEMIS-S-529395,G5,كفر الشيخ,,Physical-DS-G1377,
DEMIS-S-529396,G6,كفر الشيخ,,Physical-DS-G1371,
DEMIS-S-529397,G4,كفر الشيخ,,Physical-DS-G1371,
DEMIS-S-529398,G5,فاقوس,,Physical-DS-G599,
DEMIS-S-529399,G4,المنيا,,Physical-DS-G1188,
DEMIS-S-529400,G4,أول المنتزة,,Physical-DS-G70,
DEMIS-S-529401,G6,سوهاج,,Physical-DS-G1323,
DEMIS-S-529402,G4,السلام,,Physical-DS-G720,
DEMIS-S-529403,G4,الشيخ زايد,,Physical-DS-G339,
DEMIS-S-529404,G4,الفيوم,,Physical-DS-G682,
DEMIS-S-529405,G4,فايد,,Physical-DS-G203,
DEMIS-S-529406,G4,الشيخ زايد,,Physical-DS-G339,
DEMIS-S-529407,G5,الهرم,,Physical-DS-G409,
DEMIS-S-529408,G5,مدينة نصر,,Physical-DS-G971,
DEMIS-S-529409,G4,حي وسط,,Physical-DS-G158,
DEMIS-S-529410,G6,قنا,,Physical-DS-G1350,
DEMIS-S-529411,G4,الشيخ زايد,,Physical-DS-G339,
DEMIS-S-529412,G4,فيصل,,Physical-DS-G439,
DEMIS-S-529413,G4,دمياط,,Physical-DS-G1275,
DEMIS-S-529414,G5,سوهاج,,Physical-DS-G1314,
DEMIS-S-529415,G5,الفيوم,,Physical-DS-G693,
DEMIS-S-529416,G4,دمنهور,,Physical-DS-G220,
DEMIS-S-529417,G4,الشروق,,Physical-DS-G761,
DEMIS-S-529418,G5,المنتزة ثان,,Physical-DS-G119,
DEMIS-S-529419,G4,مدينة نصر,,Physical-DS-G946,
DEMIS-S-529420,G4,شبين القناطر,,Physical-DS-G1100,
DEMIS-S-529421,G4,فيصل,,Physical-DS-G439,
DEMIS-S-529422,G4,المنصورة,,Physical-DS-G462,
DEMIS-S-529423,G6,مدينة نصر,,Physical-DS-G985,
DEMIS-S-529424,G5,6 أكتوبر,,Physical-DS-G287,
DEMIS-S-529425,G4,دمنهور,,Physical-DS-G220,
DEMIS-S-529426,G4,حي شرق,,Physical-DS-G134,
DEMIS-S-529427,G5,طنطا,,Physical-DS-G661,
DEMIS-S-529428,G4,مصر الجديدة,,Physical-DS-G991,
DEMIS-S-529429,G4,الدقي,,Physical-DS-G326,
DEMIS-S-529430,G6,شبين القناطر,,Physical-DS-G1100,
DEMIS-S-529431,G4,قويسنا,,Physical-DS-G1176,
DEMIS-S-529432,G4,القاهرة الجديدة,,Physical-DS-G798,
DEMIS-S-529433,G4,دسوق,,Physical-DS-G1361,
DEMIS-S-529434,G4,القاهرة الجديدة,,Physical-DS-G798,
DEMIS-S-529435,G5,ميت غمر,,Physical-DS-G510,
DEMIS-S-529436,G4,العبور,,Physical-DS-G1030,
DEMIS-S-529437,G5,أسيوط,,Physical-DS-G15,
DEMIS-S-529438,G4,دمياط,,Physical-DS-G1275,
DEMIS-S-529439,G5,المنيب,,Physical-DS-G379,
DEMIS-S-529440,G4,طنطا,,Physical-DS-G642,
DEMIS-S-529441,G5,6 أكتوبر,,Physical-DS-G287,
DEMIS-S-529442,G4,مدينة نصر,,Physical-DS-G946,
DEMIS-S-529443,G4,المنيا,,Physical-DS-G1188,
DEMIS-S-529444,G5,الزقازيق,,Physical-DS-G560,
DEMIS-S-529445,G4,مدينة نصر,,Physical-DS-G947,
DEMIS-S-529446,G5,المنيا,,Physical-DS-G1198,
DEMIS-S-529447,G5,المحلة الكبرى,,Physical-DS-G619,
DEMIS-S-529448,G4,فاقوس,,Physical-DS-G599,
DEMIS-S-529449,G4,مصر الجديدة,,Physical-DS-G991,
DEMIS-S-529450,G4,العمرانية,,Physical-DS-G355,
DEMIS-S-529451,G4,برج العرب,,Physical-DS-G129,
DEMIS-S-529452,G4,شرم الشيخ,,Physical-DS-G1271,
DEMIS-S-529453,G4,شبرا الخيمة,,Physical-DS-G1072,
DEMIS-S-529454,G4,المنتزة ثان,,Physical-DS-G103,
DEMIS-S-529455,G4,عجمي,,Physical-DS-G173,
DEMIS-S-529456,G4,المنصورة,,Physical-DS-G462,
DEMIS-S-529457,G5,عجمي,,Physical-DS-G183,
DEMIS-S-529458,G5,الطور,,Physical-DS-G1269,
DEMIS-S-529459,G5,طنطا,,Physical-DS-G661,
DEMIS-S-529460,G4,ميت غمر,,Physical-DS-G485,
DEMIS-S-529461,G5,الإسماعيلية,,Physical-DS-G198,
DEMIS-S-529462,G5,وسط البلد,,Physical-DS-G1023,
DEMIS-S-529463,G4,شبين الكوم,,Physical-DS-G1147,
DEMIS-S-529464,G4,فاقوس,,Physical-DS-G599,
DEMIS-S-529465,G4,6 أكتوبر,,Physical-DS-G260,
DEMIS-S-529466,G5,حي شرق,,Physical-DS-G134,
DEMIS-S-529467,G6,طنطا,,Physical-DS-G642,
DEMIS-S-529468,G4,الشروق,,Physical-DS-G761,
DEMIS-S-529469,G5,طنطا,,Physical-DS-G662,
DEMIS-S-529470,G4,مصر الجديدة,,Physical-DS-G991,
DEMIS-S-529471,G4,الزقازيق,,Physical-DS-G545,
DEMIS-S-529472,G4,أسيوط,,Physical-DS-G15,
DEMIS-S-529473,G4,ميت غمر,,Physical-DS-G485,
DEMIS-S-529474,G4,فيصل,,Physical-DS-G439,
DEMIS-S-529475,G4,الفيوم,,Physical-DS-G682,
DEMIS-S-529476,G6,العاشر من رمضان,,Physical-DS-G588,
DEMIS-S-529477,G5,الفيوم,,Physical-DS-G693,
DEMIS-S-529478,G4,حي شرق,,Physical-DS-G134,
DEMIS-S-529479,G4,دمياط,,Physical-DS-G1275,
DEMIS-S-529480,G5,دسوق,,Physical-DS-G1366,
DEMIS-S-529481,G4,فيصل,,Physical-DS-G439,
DEMIS-S-529482,G4,دسوق,,Physical-DS-G1361,
DEMIS-S-529483,G4,الشيخ زايد,,Physical-DS-G339,
DEMIS-S-529484,G4,حدائق الأهرام,,Physical-DS-G426,
DEMIS-S-529485,G4,إمبابة,,Physical-DS-G306,
DEMIS-S-529486,G5,مدينة نصر,,Physical-DS-G971,
DEMIS-S-529487,G5,الطور,,Physical-DS-G1269,
DEMIS-S-529488,G5,العمرانية,,Physical-DS-G365,
DEMIS-S-529489,G5,دمياط,,Physical-DS-G1285,
DEMIS-S-529490,G4,ملوي,,Physical-DS-G1208,
DEMIS-S-529491,G4,طنطا,,Physical-DS-G642,
DEMIS-S-529492,G5,المعادي,,Physical-DS-G865,
DEMIS-S-529493,G4,بنها,,Physical-DS-G1051,
DEMIS-S-529494,G6,المنصورة,,Physical-DS-G480,
DEMIS-S-529495,G5,حي شرق,,Physical-DS-G147,
DEMIS-S-529496,G4,6 أكتوبر,,Physical-DS-G260,
DEMIS-S-529497,G4,قنا,,Physical-DS-G1338,
DEMIS-S-529498,G4,الشروق,,Physical-DS-G761,
DEMIS-S-529499,G5,أسيوط,,Physical-DS-G15,
DEMIS-S-529500,G5,الشروق,,Physical-DS-G778,
DEMIS-S-529501,G6,المحلة الكبرى,,Physical-DS-G624,
DEMIS-S-529502,G4,شبرا الخيمة,,Physical-DS-G1072,
DEMIS-S-529503,G4,6 أكتوبر,,Physical-DS-G260,
DEMIS-S-529504,G6,مدينة نصر,,Physical-DS-G985,
DEMIS-S-529505,G6,حدائق الأهرام,,Physical-DS-G436,
DEMIS-S-529506,G5,عجمي,,Physical-DS-G183,
DEMIS-S-529507,G5,المعادي,,Physical-DS-G865,
DEMIS-S-529508,G5,الزقازيق,,Physical-DS-G561,
DEMIS-S-529509,G4,بلبيس,,Physical-DS-G590,
DEMIS-S-529510,G5,مصر الجديدة,,Physical-DS-G1006,
DEMIS-S-529511,G4,المنصورة,,Physical-DS-G462,
DEMIS-S-529512,G4,المعادي,,Physical-DS-G840,
DEMIS-S-529513,G4,حي شرق,,Physical-DS-G134,
DEMIS-S-529514,G5,ميت غمر,,Physical-DS-G510,
DEMIS-S-529515,G4,6 أكتوبر,,Physical-DS-G260,
DEMIS-S-529516,G4,إمبابة,,Physical-DS-G307,
DEMIS-S-529517,G5,الشهداء,,Physical-DS-G1135,
DEMIS-S-529518,G4,قويسنا,,Physical-DS-G1176,
DEMIS-S-529519,G4,أشمون,,Physical-DS-G1117,
DEMIS-S-529520,G4,العمرانية,,Physical-DS-G355,
DEMIS-S-529521,G6,دسوق,,Physical-DS-G1369,
DEMIS-S-529522,G4,عجمي,,Physical-DS-G173,
DEMIS-S-529523,G4,بنها,,Physical-DS-G1051,
DEMIS-S-529524,G4,أول المنتزة,,Physical-DS-G70,
DEMIS-S-529525,G5,6 أكتوبر,,Physical-DS-G260,
DEMIS-S-529526,G4,أسيوط,,Physical-DS-G15,
DEMIS-S-529527,G5,الفيوم,,Physical-DS-G693,
DEMIS-S-529528,G4,شبرا الخيمة,,Physical-DS-G1072,
DEMIS-S-529529,G6,شبين الكوم,,Physical-DS-G1171,
DEMIS-S-529530,G4,الإسماعيلية,,Physical-DS-G191,
DEMIS-S-529531,G6,المحلة الكبرى,,Physical-DS-G612,
DEMIS-S-529532,G5,شبرا,,Physical-DS-G937,
DEMIS-S-529533,G5,نجع حمادي,,Physical-DS-G1358,
DEMIS-S-529534,G5,السلام,,Physical-DS-G741,
DEMIS-S-529535,G5,المنيا,,Physical-DS-G1198,
DEMIS-S-529536,G6,الهرم,,Physical-DS-G420,
DEMIS-S-529537,G4,إمبابة,,Physical-DS-G307,
DEMIS-S-529538,G4,الفيوم,,Physical-DS-G682,
DEMIS-S-529539,G6,فيصل,,Physical-DS-G459,
DEMIS-S-529540,G4,الشيخ زايد,,Physical-DS-G340,
DEMIS-S-529541,G6,وسط البلد,,Physical-DS-G1016,
DEMIS-S-529542,G4,شبراخيت,,Physical-DS-G242,
DEMIS-S-529543,G5,الشيخ زايد,,Physical-DS-G349,
DEMIS-S-529544,G6,طنطا,,Physical-DS-G673,
DEMIS-S-529545,G4,بنى سويف,,Physical-DS-G1220,
DEMIS-S-529546,G5,وسط البلد,,Physical-DS-G1023,
DEMIS-S-529547,G4,المنتزة ثان,,Physical-DS-G103,
DEMIS-S-529548,G4,ميت غمر,,Physical-DS-G485,
DEMIS-S-529549,G4,القاهرة الجديدة,,Physical-DS-G798,
DEMIS-S-529550,G4,أسوان,,Physical-DS-G1,
DEMIS-S-529551,G5,شبين الكوم,,Physical-DS-G1163,
DEMIS-S-529552,G5,أسيوط,,Physical-DS-G31,
DEMIS-S-529553,G6,المنيب,,Physical-DS-G384,
DEMIS-S-529554,G4,طنطا,,Physical-DS-G642,
DEMIS-S-529555,G5,العمرانية,,Physical-DS-G365,
DEMIS-S-529556,G5,ميت غمر,,Physical-DS-G510,
DEMIS-S-529557,G4,شبراخيت,,Physical-DS-G242,
DEMIS-S-529558,G4,السلام,,Physical-DS-G720,
DEMIS-S-529559,G4,السلام,,Physical-DS-G720,
DEMIS-S-529560,G4,المنيا,,Physical-DS-G1188,
DEMIS-S-529561,G5,6 أكتوبر,,Physical-DS-G288,
DEMIS-S-529562,G5,المنيا,,Physical-DS-G1198,
DEMIS-S-529563,G6,شبراخيت,,Physical-DS-G254,
DEMIS-S-529564,G5,المنتزة ثان,,Physical-DS-G119,
DEMIS-S-529565,G4,أسيوط,,Physical-DS-G15,
DEMIS-S-529566,G5,ميت غمر,,Physical-DS-G510,
DEMIS-S-529567,G4,بورسعيد,,Physical-DS-G1247,
DEMIS-S-529568,G5,بورسعيد,,Physical-DS-G1254,
DEMIS-S-529569,G4,القاهرة الجديدة,,Physical-DS-G798,
DEMIS-S-529570,G4,ميت غمر,,Physical-DS-G485,
DEMIS-S-529571,G4,السلام,,Physical-DS-G720,
DEMIS-S-529572,G4,15 مايو,,Physical-DS-G709,
DEMIS-S-529573,G6,المعادي,,Physical-DS-G876,
DEMIS-S-529574,G4,القاهرة الجديدة,,Physical-DS-G798,
DEMIS-S-529575,G4,المنتزة ثان,,Physical-DS-G104,
DEMIS-S-529576,G6,المنيا,,Physical-DS-G1205,
DEMIS-S-529577,G4,القاهرة الجديدة,,Physical-DS-G798,
DEMIS-S-529578,G4,أشمون,,Physical-DS-G1117,
DEMIS-S-529579,G4,سوهاج,,Physical-DS-G1298,
DEMIS-S-529580,G4,طنطا,,Physical-DS-G642,
DEMIS-S-529581,G4,فيصل,,Physical-DS-G439,
DEMIS-S-529582,G6,ميت غمر,,Physical-DS-G526,
DEMIS-S-529583,G6,ميت غمر,,Physical-DS-G526,
DEMIS-S-529584,G4,السلام,,Physical-DS-G720,
DEMIS-S-529585,G5,ميت غمر,,Physical-DS-G510,
DEMIS-S-529586,G4,حي شرق,,Physical-DS-G134,
DEMIS-S-529587,G4,مدينة نصر,,Physical-DS-G947,
DEMIS-S-529588,G5,الزقازيق,,Physical-DS-G561,
DEMIS-S-529589,G4,حي شرق,,Physical-DS-G134,
DEMIS-S-529590,G6,بلبيس,,Physical-DS-G597,
DEMIS-S-529591,G5,الدقي,,Physical-DS-G334,
DEMIS-S-529592,G5,مصر الجديدة,,Physical-DS-G1006,
DEMIS-S-529593,G6,بركة السبع,,Physical-DS-G1145,
DEMIS-S-529594,G6,طنطا,,Physical-DS-G673,
DEMIS-S-529595,G5,6 أكتوبر,,Physical-DS-G288,
DEMIS-S-529596,G4,شبراخيت,,Physical-DS-G242,
DEMIS-S-529597,G5,مصر الجديدة,,Physical-DS-G1006,
DEMIS-S-529598,G5,دمياط,,Physical-DS-G1285,
DEMIS-S-529599,G5,المعادي,,Physical-DS-G865,
DEMIS-S-529600,G4,عجمي,,Physical-DS-G173,
DEMIS-S-529601,G6,الزقازيق,,Physical-DS-G570,
DEMIS-S-529602,G4,دمنهور,,Physical-DS-G220,
DEMIS-S-529603,G4,المحلة الكبرى,,Physical-DS-G612,
DEMIS-S-529604,G4,شبين القناطر,,Physical-DS-G1100,
DEMIS-S-529605,G6,طنطا,,Physical-DS-G673,
DEMIS-S-529606,G4,أول المنتزة,,Physical-DS-G70,
DEMIS-S-529607,G4,عجمي,,Physical-DS-G173,
DEMIS-S-529608,G5,ديروط,,Physical-DS-G50,
DEMIS-S-529609,G4,الهرم,,Physical-DS-G388,
DEMIS-S-529610,G5,طنطا,,Physical-DS-G662,
DEMIS-S-529611,G6,قنا,,Physical-DS-G1350,
DEMIS-S-529612,G4,العبور,,Physical-DS-G1030,
DEMIS-S-529613,G4,المحلة الكبرى,,Physical-DS-G612,
DEMIS-S-529614,G4,بنها,,Physical-DS-G1051,
DEMIS-S-529615,G4,طنطا,,Physical-DS-G642,
DEMIS-S-529616,G6,سوهاج,,Physical-DS-G1323,
DEMIS-S-529617,G4,العبور,,Physical-DS-G1030,
DEMIS-S-529618,G6,الشروق,,Physical-DS-G761,
DEMIS-S-529619,G6,فيصل,,Physical-DS-G459,
DEMIS-S-529620,G4,شبين الكوم,,Physical-DS-G1147,
DEMIS-S-529621,G5,دمنهور,,Physical-DS-G232,
DEMIS-S-529622,G4,كفر الشيخ,,Physical-DS-G1371,
DEMIS-S-529623,G4,طنطا,,Physical-DS-G642,
DEMIS-S-529624,G4,المنصورة,,Physical-DS-G462,
DEMIS-S-529625,G4,العباسية,,Physical-DS-G789,
DEMIS-S-529626,G4,فاقوس,,Physical-DS-G599,
DEMIS-S-529627,G5,طنطا,,Physical-DS-G642,
DEMIS-S-529628,G6,مدينة نصر,,Physical-DS-G985,
DEMIS-S-529629,G4,كفر الشيخ,,Physical-DS-G1371,
DEMIS-S-529630,G4,عجمي,,Physical-DS-G173,
DEMIS-S-529631,G4,مصر الجديدة,,Physical-DS-G991,
DEMIS-S-529632,G6,طنطا,,Physical-DS-G673,
DEMIS-S-529633,G5,المنيا,,Physical-DS-G1198,
DEMIS-S-529634,G4,ميت غمر,,Physical-DS-G486,
DEMIS-S-529635,G5,السلام,,Physical-DS-G741,
DEMIS-S-529636,G6,طنطا,,Physical-DS-G673,
DEMIS-S-529637,G6,السلام,,Physical-DS-G754,
DEMIS-S-529638,G5,بنها,,Physical-DS-G1061,
DEMIS-S-529639,G5,ميت غمر,,Physical-DS-G486,
DEMIS-S-529640,G4,مدينة نصر,,Physical-DS-G947,
DEMIS-S-529641,G5,15 مايو,,Physical-DS-G715,
DEMIS-S-529642,G6,المنيا,,Physical-DS-G1205,
DEMIS-S-529643,G5,العباسية,,Physical-DS-G794,
DEMIS-S-529644,G4,المنصورة,,Physical-DS-G462,
DEMIS-S-529645,G6,الزقازيق,,Physical-DS-G570,
DEMIS-S-529646,G4,فيصل,,Physical-DS-G439,
DEMIS-S-529647,G4,شبراخيت,,Physical-DS-G242,
DEMIS-S-529648,G4,شبرا,,Physical-DS-G924,
DEMIS-S-529649,G5,الشروق,,Physical-DS-G778,
DEMIS-S-529650,G4,بنى سويف,,Physical-DS-G1220,
DEMIS-S-529651,G4,الغردقة,,Physical-DS-G207,
DEMIS-S-529652,G4,دمياط,,Physical-DS-G1275,
DEMIS-S-529653,G6,حي شرق,,Physical-DS-G155,
DEMIS-S-529654,G6,شبين الكوم,,Physical-DS-G1171,
DEMIS-S-529655,G5,مدينة نصر,,Physical-DS-G971,
DEMIS-S-529656,G5,ميت غمر,,Physical-DS-G510,
DEMIS-S-529657,G5,القاهرة الجديدة,,Physical-DS-G798,
DEMIS-S-529658,G4,المنتزة ثان,,Physical-DS-G104,
DEMIS-S-529659,G4,شبين الكوم,,Physical-DS-G1147,
DEMIS-S-529660,G5,سوهاج,,Physical-DS-G1314,
DEMIS-S-529661,G6,ميت غمر,,Physical-DS-G486,
DEMIS-S-529662,G4,المنيا,,Physical-DS-G1188,
DEMIS-S-529663,G4,الهرم,,Physical-DS-G388,
DEMIS-S-529664,G4,حدائق القبة,,Physical-DS-G881,
DEMIS-S-529665,G6,شبين الكوم,,Physical-DS-G1147,
DEMIS-S-529666,G6,الداخلة,,Physical-DS-G1217,
DEMIS-S-529667,G5,مصر الجديدة,,Physical-DS-G1006,
DEMIS-S-529668,G4,السادات,,Physical-DS-G1126,
DEMIS-S-529669,G4,شبين القناطر,,Physical-DS-G1100,
DEMIS-S-529670,G4,مدينة نصر,,Physical-DS-G947,
DEMIS-S-529671,G4,مدينة نصر,,Physical-DS-G947,
DEMIS-S-529672,G6,الزقازيق,,Physical-DS-G570,
DEMIS-S-529673,G5,المحلة الكبرى,,Physical-DS-G612,
DEMIS-S-529674,G4,الغردقة,,Physical-DS-G207,
DEMIS-S-529675,G6,الزقازيق,,Physical-DS-G545,
DEMIS-S-529676,G4,العبور,,Physical-DS-G1030,
DEMIS-S-529677,G4,قويسنا,,Physical-DS-G1176,
DEMIS-S-529678,G5,ابنوب,,Physical-DS-G43,
DEMIS-S-529679,G6,15 مايو,,Physical-DS-G717,
DEMIS-S-529680,G4,المنيب,,Physical-DS-G373,
DEMIS-S-529681,G4,الخارجة,,Physical-DS-G1214,
DEMIS-S-529682,G6,دسوق,,Physical-DS-G1369,
DEMIS-S-529683,G4,6 أكتوبر,,Physical-DS-G260,
DEMIS-S-529684,G4,السلام,,Physical-DS-G720,
DEMIS-S-529685,G4,المنتزة ثان,,Physical-DS-G104,
DEMIS-S-529686,G4,عجمي,,Physical-DS-G173,
DEMIS-S-529687,G5,المحلة الكبرى,,Physical-DS-G612,
DEMIS-S-529688,G4,العاشر من رمضان,,Physical-DS-G576,
DEMIS-S-529689,G5,حلوان,,Physical-DS-G912,
DEMIS-S-529690,G5,المنتزة ثان,,Physical-DS-G119,
DEMIS-S-529691,G4,مدينة نصر,,Physical-DS-G947,
DEMIS-S-529692,G5,برج العرب,,Physical-DS-G131,
DEMIS-S-529693,G6,العباسية,,Physical-DS-G796,
DEMIS-S-529694,G6,6 أكتوبر,,Physical-DS-G301,
DEMIS-S-529695,G4,بلبيس,,Physical-DS-G590,
DEMIS-S-529696,G4,الأقصر,,Physical-DS-G57,
DEMIS-S-529697,G4,شبرا الخيمة,,Physical-DS-G1073,
DEMIS-S-529698,G5,الشيخ زايد,,Physical-DS-G340,
DEMIS-S-529699,G6,ميت غمر,,Physical-DS-G526,
DEMIS-S-529700,G4,الزقازيق,,Physical-DS-G545,
DEMIS-S-529701,G5,المحلة الكبرى,,Physical-DS-G619,
DEMIS-S-529702,G6,المنيا,,Physical-DS-G1205,
DEMIS-S-529703,G5,ميت غمر,,Physical-DS-G510,
DEMIS-S-529704,G4,الشروق,,Physical-DS-G761,
DEMIS-S-529705,G5,وسط البلد,,Physical-DS-G1023,
DEMIS-S-529706,G5,ميت غمر,,Physical-DS-G510,
DEMIS-S-529707,G4,بنى سويف,,Physical-DS-G1220,
DEMIS-S-529708,G5,العمرانية,,Physical-DS-G365,
DEMIS-S-529709,G4,الزقازيق,,Physical-DS-G545,
DEMIS-S-529710,G5,شبراخيت,,Physical-DS-G250,
DEMIS-S-529711,G5,كفر الشيخ,,Physical-DS-G1377,
DEMIS-S-529712,G4,15 مايو,,Physical-DS-G709,
DEMIS-S-529713,G6,دمنهور,,Physical-DS-G238,
DEMIS-S-529714,G4,حدائق القبة,,Physical-DS-G881,
DEMIS-S-529715,G6,العمرانية,,Physical-DS-G370,
DEMIS-S-529716,G5,الأقصر,,Physical-DS-G63,
DEMIS-S-529717,G5,المنيا,,Physical-DS-G1198,
DEMIS-S-529718,G4,شبراخيت,,Physical-DS-G242,
DEMIS-S-529719,G5,شبين الكوم,,Physical-DS-G1147,
DEMIS-S-529720,G6,المنيب,,Physical-DS-G373,
DEMIS-S-529721,G5,دمياط,,Physical-DS-G1285,
DEMIS-S-529722,G4,المنصورة,,Physical-DS-G462,
DEMIS-S-529723,G4,6 أكتوبر,,Physical-DS-G260,
DEMIS-S-529724,G4,حي وسط,,Physical-DS-G158,
DEMIS-S-529725,G4,حلوان,,Physical-DS-G896,
DEMIS-S-529726,G4,فيصل,,Physical-DS-G439,
DEMIS-S-529727,G5,بلبيس,,Physical-DS-G594,
DEMIS-S-529728,G4,مدينة نصر,,Physical-DS-G947,
DEMIS-S-529729,G4,دمياط,,Physical-DS-G1275,
DEMIS-S-529730,G4,دمنهور,,Physical-DS-G220,
DEMIS-S-529731,G4,حي شرق,,Physical-DS-G134,
DEMIS-S-529732,G4,عجمي,,Physical-DS-G173,
DEMIS-S-529733,G4,كفر الشيخ,,Physical-DS-G1371,
DEMIS-S-529734,G6,بلبيس,,Physical-DS-G590,
DEMIS-S-529735,G4,المعادي,,Physical-DS-G840,
DEMIS-S-529736,G6,قنا,,Physical-DS-G1350,
DEMIS-S-529737,G5,الزقازيق,,Physical-DS-G561,
DEMIS-S-529738,G4,القاهرة الجديدة,,Physical-DS-G798,
DEMIS-S-529739,G4,الأقصر,,Physical-DS-G57,
DEMIS-S-529740,G5,الشيخ زايد,,Physical-DS-G349,
DEMIS-S-529741,G4,بنى سويف,,Physical-DS-G1220,
DEMIS-S-529742,G4,دسوق,,Physical-DS-G1361,
DEMIS-S-529743,G4,المعادي,,Physical-DS-G840,
DEMIS-S-529744,G5,الشروق,,Physical-DS-G778,
DEMIS-S-529745,G4,شبراخيت,,Physical-DS-G243,
DEMIS-S-529746,G4,العمرانية,,Physical-DS-G355,
DEMIS-S-529747,G4,شبين القناطر,,Physical-DS-G1100,
DEMIS-S-529748,G4,حي شرق,,Physical-DS-G134,
DEMIS-S-529749,G5,سمنود,,Physical-DS-G633,
DEMIS-S-529750,G4,القاهرة الجديدة,,Physical-DS-G798,
DEMIS-S-529751,G4,وسط البلد,,Physical-DS-G1016,
DEMIS-S-529752,G4,قليوب,,Physical-DS-G1110,
DEMIS-S-529753,G4,إمبابة,,Physical-DS-G307,
DEMIS-S-529754,G5,الفيوم,,Physical-DS-G693,
DEMIS-S-529755,G4,الهرم,,Physical-DS-G388,
DEMIS-S-529756,G4,شبرا,,Physical-DS-G924,
DEMIS-S-529757,G4,طنطا,,Physical-DS-G642,
DEMIS-S-529758,G5,السادات,,Physical-DS-G1131,
DEMIS-S-529759,G6,إمبابة,,Physical-DS-G323,
DEMIS-S-529760,G4,طهطا,,Physical-DS-G1330,
DEMIS-S-529761,G4,طنطا,,Physical-DS-G643,
DEMIS-S-529762,G4,المنصورة,,Physical-DS-G462,
DEMIS-S-529763,G5,مصر الجديدة,,Physical-DS-G1006,
DEMIS-S-529764,G5,أسيوط,,Physical-DS-G31,
DEMIS-S-529765,G5,المنتزة ثان,,Physical-DS-G119,
DEMIS-S-529766,G4,الفيوم,,Physical-DS-G682,
DEMIS-S-529767,G5,إمبابة,,Physical-DS-G317,
DEMIS-S-529768,G5,حلوان,,Physical-DS-G912,
DEMIS-S-529769,G5,فاقوس,,Physical-DS-G605,
DEMIS-S-529770,G5,السادات,,Physical-DS-G1131,
DEMIS-S-529771,G6,برج العرب,,Physical-DS-G129,
DEMIS-S-529772,G5,فيصل,,Physical-DS-G452,
DEMIS-S-529773,G5,6 أكتوبر,,Physical-DS-G288,
DEMIS-S-529774,G6,ملوي,,Physical-DS-G1208,
DEMIS-S-529775,G4,وسط البلد,,Physical-DS-G1016,
DEMIS-S-529776,G5,المنصورة,,Physical-DS-G474,
DEMIS-S-529777,G4,حلوان,,Physical-DS-G896,
DEMIS-S-529778,G4,المنتزة ثان,,Physical-DS-G104,
DEMIS-S-529779,G6,حدائق الأهرام,,Physical-DS-G436,
DEMIS-S-529780,G4,سوهاج,,Physical-DS-G1298,
DEMIS-S-529781,G4,الهرم,,Physical-DS-G388,
DEMIS-S-529782,G5,6 أكتوبر,,Physical-DS-G288,
DEMIS-S-529783,G5,العاشر من رمضان,,Physical-DS-G584,
DEMIS-S-529784,G6,طنطا,,Physical-DS-G673,
DEMIS-S-529785,G6,العبور,,Physical-DS-G1030,
DEMIS-S-529786,G5,ميت غمر,,Physical-DS-G510,
DEMIS-S-529787,G6,بورسعيد,,Physical-DS-G1259,
DEMIS-S-529788,G5,طهطا,,Physical-DS-G1330,
DEMIS-S-529789,G4,حدائق القبة,,Physical-DS-G881,
DEMIS-S-529790,G4,طنطا,,Physical-DS-G643,
DEMIS-S-529791,G4,حي شرق,,Physical-DS-G134,
DEMIS-S-529792,G5,إمبابة,,Physical-DS-G317,
DEMIS-S-529793,G4,العمرانية,,Physical-DS-G355,
DEMIS-S-529794,G4,مدينة نصر,,Physical-DS-G947,
DEMIS-S-529795,G4,الهرم,,Physical-DS-G389,
DEMIS-S-529796,G4,أسيوط,,Physical-DS-G15,
DEMIS-S-529797,G4,الشروق,,Physical-DS-G761,
DEMIS-S-529798,G4,الإسماعيلية,,Physical-DS-G191,
DEMIS-S-529799,G6,فيصل,,Physical-DS-G459,
DEMIS-S-529800,G4,شبين القناطر,,Physical-DS-G1100,
DEMIS-S-529801,G4,الدقي,,Physical-DS-G326,
DEMIS-S-529802,G4,الزقازيق,,Physical-DS-G545,
DEMIS-S-529803,G4,إمبابة,,Physical-DS-G307,
DEMIS-S-529804,G4,مصر الجديدة,,Physical-DS-G991,
DEMIS-S-529805,G5,القاهرة الجديدة,,Physical-DS-G821,
DEMIS-S-529806,G4,دمياط,,Physical-DS-G1275,
DEMIS-S-529807,G6,فيصل,,Physical-DS-G459,
DEMIS-S-529808,G5,فيصل,,Physical-DS-G452,
DEMIS-S-529809,G5,كفر الشيخ,,Physical-DS-G1377,
DEMIS-S-529810,G4,فيصل,,Physical-DS-G439,
DEMIS-S-529811,G6,شبراخيت,,Physical-DS-G254,
DEMIS-S-529812,G6,المعادي,,Physical-DS-G876,
DEMIS-S-529813,G5,مدينة نصر,,Physical-DS-G972,
DEMIS-S-529814,G4,المعادي,,Physical-DS-G840,
DEMIS-S-529815,G5,مدينة نصر,,Physical-DS-G972,
DEMIS-S-529816,G5,المنصورة,,Physical-DS-G474,
DEMIS-S-529817,G6,إدفو,,Physical-DS-G13,
DEMIS-S-529818,G4,سنورس,,Physical-DS-G705,
DEMIS-S-529819,G4,أول المنتزة,,Physical-DS-G70,
DEMIS-S-529820,G6,المعادي,,Physical-DS-G840,
DEMIS-S-529821,G4,ديروط,,Physical-DS-G48,
DEMIS-S-529822,G4,العمرانية,,Physical-DS-G355,
DEMIS-S-529823,G4,القاهرة الجديدة,,Physical-DS-G798,
DEMIS-S-529824,G5,السلام,,Physical-DS-G742,
DEMIS-S-529825,G4,السلام,,Physical-DS-G720,
DEMIS-S-529826,G6,العاشر من رمضان,,Physical-DS-G588,
DEMIS-S-529827,G4,الزقازيق,,Physical-DS-G545,
DEMIS-S-529828,G5,كفر الشيخ,,Physical-DS-G1377,
DEMIS-S-529829,G4,المنيب,,Physical-DS-G373,
DEMIS-S-529830,G4,حلوان,,Physical-DS-G896,
DEMIS-S-529831,G5,6 أكتوبر,,Physical-DS-G288,
DEMIS-S-529832,G4,سوهاج,,Physical-DS-G1298,
DEMIS-S-529833,G6,السلام,,Physical-DS-G754,
DEMIS-S-529834,G5,الفيوم,,Physical-DS-G682,
DEMIS-S-529835,G6,القاهرة الجديدة,,Physical-DS-G798,
DEMIS-S-529836,G5,ميت غمر,,Physical-DS-G511,
DEMIS-S-529837,G6,بنها,,Physical-DS-G1067,
DEMIS-S-529838,G6,أسيوط,,Physical-DS-G15,
DEMIS-S-529839,G5,عجمي,,Physical-DS-G183,
DEMIS-S-529840,G5,أسيوط,,Physical-DS-G31,
DEMIS-S-529841,G5,فيصل,,Physical-DS-G452,
DEMIS-S-529842,G5,شبين الكوم,,Physical-DS-G1164,
DEMIS-S-529843,G5,الهرم,,Physical-DS-G389,
DEMIS-S-529844,G4,الطور,,Physical-DS-G1267,
DEMIS-S-529845,G6,العاشر من رمضان,,Physical-DS-G588,
DEMIS-S-529846,G4,حلوان,,Physical-DS-G896,
DEMIS-S-529847,G5,طنطا,,Physical-DS-G662,
DEMIS-S-529848,G5,بلبيس,,Physical-DS-G594,
DEMIS-S-529849,G6,كفر الشيخ,,Physical-DS-G1381,
DEMIS-S-529850,G4,6 أكتوبر,,Physical-DS-G260,
DEMIS-S-529851,G4,وسط البلد,,Physical-DS-G1016,
DEMIS-S-529852,G4,حلوان,,Physical-DS-G896,
DEMIS-S-529853,G5,إمبابة,,Physical-DS-G317,
DEMIS-S-529854,G6,الزقازيق,,Physical-DS-G570,
DEMIS-S-529855,G6,القاهرة الجديدة,,Physical-DS-G833,
DEMIS-S-529856,G4,دمياط,,Physical-DS-G1275,
DEMIS-S-529857,G4,بنها,,Physical-DS-G1051,
DEMIS-S-529858,G5,الزقازيق,,Physical-DS-G561,
DEMIS-S-529859,G5,كفر الشيخ,,Physical-DS-G1377,
DEMIS-S-529860,G4,العبور,,Physical-DS-G1030,
DEMIS-S-529861,G4,دمنهور,,Physical-DS-G220,
DEMIS-S-529862,G5,سوهاج,,Physical-DS-G1314,
DEMIS-S-529863,G5,دمنهور,,Physical-DS-G220,
DEMIS-S-529864,G6,القاهرة الجديدة,,Physical-DS-G833,
DEMIS-S-529865,G5,السلام,,Physical-DS-G742,
DEMIS-S-529866,G4,ميت غمر,,Physical-DS-G486,
DEMIS-S-529867,G5,أشمون,,Physical-DS-G1121,
DEMIS-S-529868,G6,سمنود,,Physical-DS-G637,
DEMIS-S-529869,G5,المنصورة,,Physical-DS-G474,
DEMIS-S-529870,G6,الدقي,,Physical-DS-G337,
DEMIS-S-529871,G5,العباسية,,Physical-DS-G789,
DEMIS-S-529872,G4,السلام,,Physical-DS-G720,
DEMIS-S-529873,G4,دمنهور,,Physical-DS-G220,
DEMIS-S-529874,G4,منفلوط,,Physical-DS-G53,
DEMIS-S-529875,G5,الهرم,,Physical-DS-G409,
DEMIS-S-529876,G4,شبرا,,Physical-DS-G924,
DEMIS-S-529877,G4,الدقي,,Physical-DS-G326,
DEMIS-S-529878,G6,ميت غمر,,Physical-DS-G526,
DEMIS-S-529879,G6,المنصورة,,Physical-DS-G480,
DEMIS-S-529880,G4,مدينة نصر,,Physical-DS-G947,
DEMIS-S-529881,G4,المنيا,,Physical-DS-G1188,
DEMIS-S-529882,G5,مصر الجديدة,,Physical-DS-G991,
DEMIS-S-529883,G5,سنورس,,Physical-DS-G707,
DEMIS-S-529884,G6,ميت غمر,,Physical-DS-G526,
DEMIS-S-529885,G4,فيصل,,Physical-DS-G439,
DEMIS-S-529886,G5,المنيب,,Physical-DS-G379,
DEMIS-S-529887,G5,فاقوس,,Physical-DS-G605,
DEMIS-S-529888,G4,دمنهور,,Physical-DS-G220,
DEMIS-S-529889,G4,الطور,,Physical-DS-G1267,
DEMIS-S-529890,G4,قوص,,Physical-DS-G1353,
DEMIS-S-529891,G5,مرسى مطروح,,Physical-DS-G1385,
DEMIS-S-529892,G4,أول المنتزة,,Physical-DS-G70,
DEMIS-S-529893,G4,القاهرة الجديدة,,Physical-DS-G799,
DEMIS-S-529894,G5,ميت غمر,,Physical-DS-G511,
DEMIS-S-529895,G4,المنتزة ثان,,Physical-DS-G104,
DEMIS-S-529896,G5,شبرا الخيمة,,Physical-DS-G1087,
DEMIS-S-529897,G4,أسيوط,,Physical-DS-G15,
DEMIS-S-529898,G4,طنطا,,Physical-DS-G643,
DEMIS-S-529899,G4,القاهرة الجديدة,,Physical-DS-G799,
DEMIS-S-529900,G4,بلبيس,,Physical-DS-G590,
DEMIS-S-529901,G5,الشروق,,Physical-DS-G778,
DEMIS-S-529902,G4,الزقازيق,,Physical-DS-G545,
DEMIS-S-529903,G4,6 أكتوبر,,Physical-DS-G260,
DEMIS-S-529904,G5,أشمون,,Physical-DS-G1117,
DEMIS-S-529905,G4,دمنهور,,Physical-DS-G220,
DEMIS-S-529906,G4,برج العرب,,Physical-DS-G129,
DEMIS-S-529907,G5,بوش,,Physical-DS-G1242,
DEMIS-S-529908,G6,حي شرق,,Physical-DS-G155,
DEMIS-S-529909,G5,شبين الكوم,,Physical-DS-G1164,
DEMIS-S-529910,G5,بنى سويف,,Physical-DS-G1230,
DEMIS-S-529911,G4,إمبابة,,Physical-DS-G307,
DEMIS-S-529912,G4,فاقوس,,Physical-DS-G599,
DEMIS-S-529913,G5,الهرم,,Physical-DS-G409,
DEMIS-S-529914,G4,المنيب,,Physical-DS-G373,
DEMIS-S-529915,G4,طنطا,,Physical-DS-G643,
DEMIS-S-529916,G4,المنيا,,Physical-DS-G1188,
DEMIS-S-529917,G4,السلام,,Physical-DS-G720,
DEMIS-S-529918,G5,فيصل,,Physical-DS-G452,
DEMIS-S-529919,G4,6 أكتوبر,,Physical-DS-G260,
DEMIS-S-529920,G5,إمبابة,,Physical-DS-G318,
DEMIS-S-529921,G4,6 أكتوبر,,Physical-DS-G260,
DEMIS-S-529922,G6,شبرا,,Physical-DS-G924,
DEMIS-S-529923,G6,سوهاج,,Physical-DS-G1323,
DEMIS-S-529924,G4,ميت غمر,,Physical-DS-G486,
DEMIS-S-529925,G6,الزقازيق,,Physical-DS-G545,
DEMIS-S-529926,G4,بوش,,Physical-DS-G1238,
DEMIS-S-529927,G4,حي شرق,,Physical-DS-G134,
DEMIS-S-529928,G6,شبراخيت,,Physical-DS-G254,
DEMIS-S-529929,G5,مدينة نصر,,Physical-DS-G972,
DEMIS-S-529930,G5,ميت غمر,,Physical-DS-G511,
DEMIS-S-529931,G6,المنيب,,Physical-DS-G384,
DEMIS-S-529932,G6,شبرا الخيمة,,Physical-DS-G1096,
DEMIS-S-529933,G4,المنصورة,,Physical-DS-G462,
DEMIS-S-529934,G5,المنتزة ثان,,Physical-DS-G119,
DEMIS-S-529935,G5,القاهرة الجديدة,,Physical-DS-G821,
DEMIS-S-529936,G5,سنورس,,Physical-DS-G707,
DEMIS-S-529937,G4,شبين الكوم,,Physical-DS-G1148,
DEMIS-S-529938,G5,ميت غمر,,Physical-DS-G511,
DEMIS-S-529939,G6,شبين الكوم,,Physical-DS-G1171,
DEMIS-S-529940,G5,دمياط,,Physical-DS-G1285,
DEMIS-S-529941,G5,شبرا الخيمة,,Physical-DS-G1073,
DEMIS-S-529942,G5,السلام,,Physical-DS-G742,
DEMIS-S-529943,G4,قليوب,,Physical-DS-G1110,
DEMIS-S-529944,G4,إمبابة,,Physical-DS-G307,
DEMIS-S-529945,G5,بركة السبع,,Physical-DS-G1143,
DEMIS-S-529946,G5,الزقازيق,,Physical-DS-G561,
DEMIS-S-529947,G5,حدائق الأهرام,,Physical-DS-G432,
DEMIS-S-529948,G6,أسيوط,,Physical-DS-G16,
DEMIS-S-529949,G5,الفيوم,,Physical-DS-G693,
DEMIS-S-529950,G4,مصر الجديدة,,Physical-DS-G991,
DEMIS-S-529951,G5,قنا,,Physical-DS-G1345,
DEMIS-S-529952,G4,دسوق,,Physical-DS-G1361,
DEMIS-S-529953,G4,المنصورة,,Physical-DS-G463,
DEMIS-S-529954,G4,العاشر من رمضان,,Physical-DS-G576,
DEMIS-S-529955,G5,شبين القناطر,,Physical-DS-G1105,
DEMIS-S-529956,G6,قويسنا,,Physical-DS-G1176,
DEMIS-S-529957,G6,بنها,,Physical-DS-G1067,
DEMIS-S-529958,G6,6 أكتوبر,,Physical-DS-G260,
DEMIS-S-529959,G5,الأقصر,,Physical-DS-G63,
DEMIS-S-529960,G4,6 أكتوبر,,Physical-DS-G260,
DEMIS-S-529961,G4,سوهاج,,Physical-DS-G1298,
DEMIS-S-529962,G5,بوش,,Physical-DS-G1242,
DEMIS-S-529963,G4,العاشر من رمضان,,Physical-DS-G576,
DEMIS-S-529964,G5,السلام,,Physical-DS-G742,
DEMIS-S-529965,G4,القاهرة الجديدة,,Physical-DS-G799,
DEMIS-S-529966,G5,6 أكتوبر,,Physical-DS-G288,
DEMIS-S-529967,G4,الزقازيق,,Physical-DS-G545,
DEMIS-S-529968,G4,الشروق,,Physical-DS-G761,
DEMIS-S-529969,G4,منفلوط,,Physical-DS-G53,
DEMIS-S-529970,G5,العاشر من رمضان,,Physical-DS-G584,
DEMIS-S-529971,G5,حي شرق,,Physical-DS-G147,
DEMIS-S-529972,G4,شبين الكوم,,Physical-DS-G1148,
DEMIS-S-529973,G4,مصر الجديدة,,Physical-DS-G991,
DEMIS-S-529974,G6,الزقازيق,,Physical-DS-G570,
DEMIS-S-529975,G4,حدائق القبة,,Physical-DS-G881,
DEMIS-S-529976,G5,دسوق,,Physical-DS-G1366,
DEMIS-S-529977,G5,حلوان,,Physical-DS-G912,
DEMIS-S-529978,G5,الشهداء,,Physical-DS-G1137,
DEMIS-S-529979,G6,حلوان,,Physical-DS-G920,
DEMIS-S-529980,G5,منفلوط,,Physical-DS-G55,
DEMIS-S-529981,G4,المنتزة ثان,,Physical-DS-G104,
DEMIS-S-529982,G4,طنطا,,Physical-DS-G643,
DEMIS-S-529983,G5,الهرم,,Physical-DS-G409,
DEMIS-S-529984,G4,عجمي,,Physical-DS-G173,
DEMIS-S-529985,G5,بنها,,Physical-DS-G1061,
DEMIS-S-529986,G4,15 مايو,,Physical-DS-G709,
DEMIS-S-529987,G6,دسوق,,Physical-DS-G1369,
DEMIS-S-529988,G6,السادات,,Physical-DS-G1134,
DEMIS-S-529989,G6,المحلة الكبرى,,Physical-DS-G624,
DEMIS-S-529990,G5,الغردقة,,Physical-DS-G214,
DEMIS-S-529991,G4,حي وسط,,Physical-DS-G158,
DEMIS-S-529992,G5,الشروق,,Physical-DS-G778,
DEMIS-S-529993,G4,حي شرق,,Physical-DS-G134,
DEMIS-S-529994,G6,المنيب,,Physical-DS-G384,
DEMIS-S-529995,G6,شبين القناطر,,Physical-DS-G1108,
DEMIS-S-529996,G5,المعادي,,Physical-DS-G865,
DEMIS-S-529997,G6,الخارجة,,Physical-DS-G1216,
DEMIS-S-529998,G5,السادات,,Physical-DS-G1126,
DEMIS-S-529999,G4,قنا,,Physical-DS-G1338,
DEMIS-S-530000,G4,بنها,,Physical-DS-G1051,
DEMIS-S-530001,G5,قنا,,Physical-DS-G1338,
DEMIS-S-530002,G5,القاهرة الجديدة,,Physical-DS-G821,
DEMIS-S-530003,G4,الأقصر,,Physical-DS-G57,
DEMIS-S-530004,G4,المنصورة,,Physical-DS-G463,
DEMIS-S-530005,G4,طنطا,,Physical-DS-G643,
DEMIS-S-530006,G5,فاقوس,,Physical-DS-G605,
DEMIS-S-530007,G4,ميت غمر,,Physical-DS-G486,
DEMIS-S-530008,G5,طنطا,,Physical-DS-G662,
DEMIS-S-530009,G5,بوش,,Physical-DS-G1242,
DEMIS-S-530010,G4,الزقازيق,,Physical-DS-G545,
DEMIS-S-530011,G4,سمنود,,Physical-DS-G627,
DEMIS-S-530012,G5,فيصل,,Physical-DS-G453,
DEMIS-S-530013,G5,الفيوم,,Physical-DS-G693,
DEMIS-S-530014,G6,عجمي,,Physical-DS-G174,
DEMIS-S-530015,G4,المحلة الكبرى,,Physical-DS-G612,
DEMIS-S-530016,G4,شبين الكوم,,Physical-DS-G1148,
DEMIS-S-530017,G6,قنا,,Physical-DS-G1338,
DEMIS-S-530018,G4,حلوان,,Physical-DS-G896,
DEMIS-S-530019,G4,فيصل,,Physical-DS-G439,
DEMIS-S-530020,G5,أسيوط,,Physical-DS-G31,
DEMIS-S-530021,G5,حلوان,,Physical-DS-G912,
DEMIS-S-530022,G4,حي شرق,,Physical-DS-G135,
DEMIS-S-530023,G4,ميت غمر,,Physical-DS-G486,
DEMIS-S-530024,G4,ميت غمر,,Physical-DS-G486,
DEMIS-S-530025,G4,القاهرة الجديدة,,Physical-DS-G799,
DEMIS-S-530026,G4,شبين الكوم,,Physical-DS-G1148,
DEMIS-S-530027,G4,بركة السبع,,Physical-DS-G1139,
DEMIS-S-530028,G6,المعادي,,Physical-DS-G876,
DEMIS-S-530029,G4,الشيخ زايد,,Physical-DS-G340,
DEMIS-S-530030,G5,دسوق,,Physical-DS-G1366,
DEMIS-S-530031,G4,الزقازيق,,Physical-DS-G545,
DEMIS-S-530032,G6,شبرا,,Physical-DS-G943,
DEMIS-S-530033,G5,بنى سويف,,Physical-DS-G1230,
DEMIS-S-530034,G5,العبور,,Physical-DS-G1042,
DEMIS-S-530035,G4,الفيوم,,Physical-DS-G682,
DEMIS-S-530036,G4,أسيوط,,Physical-DS-G16,
DEMIS-S-530037,G4,الزقازيق,,Physical-DS-G545,
DEMIS-S-530038,G4,ملوي,,Physical-DS-G1208,
DEMIS-S-530039,G4,المنيب,,Physical-DS-G373,
DEMIS-S-530040,G4,المنتزة ثان,,Physical-DS-G104,
DEMIS-S-530041,G4,فيصل,,Physical-DS-G440,
DEMIS-S-530042,G5,مصر الجديدة,,Physical-DS-G991,
DEMIS-S-530043,G5,الزقازيق,,Physical-DS-G561,
DEMIS-S-530044,G5,سنورس,,Physical-DS-G707,
DEMIS-S-530045,G5,6 أكتوبر,,Physical-DS-G288,
DEMIS-S-530046,G4,العبور,,Physical-DS-G1030,
DEMIS-S-530047,G4,حي وسط,,Physical-DS-G158,
DEMIS-S-530048,G4,كفر الشيخ,,Physical-DS-G1371,
DEMIS-S-530049,G6,عجمي,,Physical-DS-G188,
DEMIS-S-530050,G5,أسيوط,,Physical-DS-G31,
DEMIS-S-530051,G4,عجمي,,Physical-DS-G174,
DEMIS-S-530052,G4,مصر الجديدة,,Physical-DS-G991,
DEMIS-S-530053,G4,الزقازيق,,Physical-DS-G545,
DEMIS-S-530054,G4,أول المنتزة,,Physical-DS-G70,
DEMIS-S-530055,G5,مدينة نصر,,Physical-DS-G972,
DEMIS-S-530056,G5,الهرم,,Physical-DS-G409,
DEMIS-S-530057,G4,الهرم,,Physical-DS-G389,
DEMIS-S-530058,G6,ميت غمر,,Physical-DS-G526,
DEMIS-S-530059,G6,الشروق,,Physical-DS-G786,
DEMIS-S-530060,G4,السلام,,Physical-DS-G720,
DEMIS-S-530061,G5,الشهداء,,Physical-DS-G1137,
DEMIS-S-530062,G5,فاقوس,,Physical-DS-G605,
DEMIS-S-530063,G5,فاقوس,,Physical-DS-G605,
DEMIS-S-530064,G4,مدينة نصر,,Physical-DS-G947,
DEMIS-S-530065,G5,الزقازيق,,Physical-DS-G561,
DEMIS-S-530066,G4,الشروق,,Physical-DS-G762,
DEMIS-S-530067,G4,قليوب,,Physical-DS-G1110,
DEMIS-S-530068,G5,فاقوس,,Physical-DS-G599,
DEMIS-S-530069,G6,بلبيس,,Physical-DS-G597,
DEMIS-S-530070,G5,المنصورة,,Physical-DS-G474,
DEMIS-S-530071,G4,الشيخ زايد,,Physical-DS-G340,
DEMIS-S-530072,G4,العمرانية,,Physical-DS-G355,
DEMIS-S-530073,G5,ابوتيج,,Physical-DS-G46,
DEMIS-S-530074,G5,شبرا الخيمة,,Physical-DS-G1088,
DEMIS-S-530075,G4,سوهاج,,Physical-DS-G1298,
DEMIS-S-530076,G6,الشروق,,Physical-DS-G786,
DEMIS-S-530077,G4,أشمون,,Physical-DS-G1117,
DEMIS-S-530078,G4,حي شرق,,Physical-DS-G135,
DEMIS-S-530079,G5,بورسعيد,,Physical-DS-G1254,
DEMIS-S-530080,G5,القاهرة الجديدة,,Physical-DS-G821,
DEMIS-S-530081,G4,دمنهور,,Physical-DS-G221,
DEMIS-S-530082,G4,أول المنتزة,,Physical-DS-G71,
DEMIS-S-530083,G4,طنطا,,Physical-DS-G643,
DEMIS-S-530084,G4,ميت غمر,,Physical-DS-G486,
DEMIS-S-530085,G4,ميت غمر,,Physical-DS-G486,
DEMIS-S-530086,G4,بنها,,Physical-DS-G1051,
DEMIS-S-530087,G4,شبين القناطر,,Physical-DS-G1100,
DEMIS-S-530088,G6,الشروق,,Physical-DS-G786,
DEMIS-S-530089,G5,طنطا,,Physical-DS-G662,
DEMIS-S-530090,G4,دسوق,,Physical-DS-G1361,
DEMIS-S-530091,G5,سمنود,,Physical-DS-G633,
DEMIS-S-530092,G4,حدائق الأهرام,,Physical-DS-G426,
DEMIS-S-530093,G4,بركة السبع,,Physical-DS-G1139,
DEMIS-S-530094,G4,الشروق,,Physical-DS-G762,
DEMIS-S-530095,G4,مدينة نصر,,Physical-DS-G947,
DEMIS-S-530096,G4,الشيخ زايد,,Physical-DS-G340,
DEMIS-S-530097,G4,ميت غمر,,Physical-DS-G486,
DEMIS-S-530098,G6,طنطا,,Physical-DS-G673,
DEMIS-S-530099,G5,قويسنا,,Physical-DS-G1182,
DEMIS-S-530100,G5,قنا,,Physical-DS-G1345,
DEMIS-S-530101,G4,كفر الشيخ,,Physical-DS-G1371,
DEMIS-S-530102,G6,بركة السبع,,Physical-DS-G1145,
DEMIS-S-530103,G4,المنصورة,,Physical-DS-G463,
DEMIS-S-530104,G4,المنتزة ثان,,Physical-DS-G104,
DEMIS-S-530105,G4,الشيخ زايد,,Physical-DS-G340,
DEMIS-S-530106,G5,سوهاج,,Physical-DS-G1314,
DEMIS-S-530107,G4,بنها,,Physical-DS-G1051,
DEMIS-S-530108,G4,سمنود,,Physical-DS-G627,
DEMIS-S-530109,G6,عجمي,,Physical-DS-G174,
DEMIS-S-530110,G4,فاقوس,,Physical-DS-G599,
DEMIS-S-530111,G4,طنطا,,Physical-DS-G643,
DEMIS-S-530112,G5,ميت غمر,,Physical-DS-G486,
DEMIS-S-530113,G5,كفر الشيخ,,Physical-DS-G1377,
DEMIS-S-530114,G6,شبين الكوم,,Physical-DS-G1171,
DEMIS-S-530115,G5,دسوق,,Physical-DS-G1366,
DEMIS-S-530116,G4,المحلة الكبرى,,Physical-DS-G612,
DEMIS-S-530117,G4,ميت غمر,,Physical-DS-G486,
DEMIS-S-530118,G4,بلبيس,,Physical-DS-G590,
DEMIS-S-530119,G5,العاشر من رمضان,,Physical-DS-G584,
DEMIS-S-530120,G4,شبرا الخيمة,,Physical-DS-G1073,
DEMIS-S-530121,G4,طنطا,,Physical-DS-G643,
DEMIS-S-530122,G4,العاشر من رمضان,,Physical-DS-G576,
DEMIS-S-530123,G5,طنطا,,Physical-DS-G662,
DEMIS-S-530124,G6,سمنود,,Physical-DS-G627,
DEMIS-S-530125,G5,حدائق الأهرام,,Physical-DS-G432,
DEMIS-S-530126,G5,السلام,,Physical-DS-G742,
DEMIS-S-530127,G5,ميت غمر,,Physical-DS-G511,
DEMIS-S-530128,G6,الشروق,,Physical-DS-G786,
DEMIS-S-530129,G5,بورفؤاد,,Physical-DS-G1264,
DEMIS-S-530130,G5,الهرم,,Physical-DS-G409,
DEMIS-S-530131,G4,مدينة نصر,,Physical-DS-G947,
DEMIS-S-530132,G5,6 أكتوبر,,Physical-DS-G288,
DEMIS-S-530133,G4,المنيب,,Physical-DS-G373,
DEMIS-S-530134,G4,الشروق,,Physical-DS-G762,
DEMIS-S-530135,G6,قليوب,,Physical-DS-G1116,
DEMIS-S-530136,G5,مصر الجديدة,,Physical-DS-G1006,
DEMIS-S-530137,G5,الهرم,,Physical-DS-G409,
DEMIS-S-530138,G4,6 أكتوبر,,Physical-DS-G260,
DEMIS-S-530139,G6,القاهرة الجديدة,,Physical-DS-G799,
DEMIS-S-530140,G6,شبرا الخيمة,,Physical-DS-G1096,
DEMIS-S-530141,G4,شبين الكوم,,Physical-DS-G1148,
DEMIS-S-530142,G4,أشمون,,Physical-DS-G1117,
DEMIS-S-530143,G5,بنى سويف,,Physical-DS-G1230,
DEMIS-S-530144,G5,الزقازيق,,Physical-DS-G561,
DEMIS-S-530145,G5,المحلة الكبرى,,Physical-DS-G619,
DEMIS-S-530146,G5,ميت غمر,,Physical-DS-G511,
DEMIS-S-530147,G5,بنها,,Physical-DS-G1061,
DEMIS-S-530148,G5,ميت غمر,,Physical-DS-G511,
DEMIS-S-530149,G5,بورفؤاد,,Physical-DS-G1264,
DEMIS-S-530150,G6,أسيوط,,Physical-DS-G39,
DEMIS-S-530151,G6,6 أكتوبر,,Physical-DS-G301,
DEMIS-S-530152,G6,الهرم,,Physical-DS-G420,
DEMIS-S-530153,G6,مدينة نصر,,Physical-DS-G985,
DEMIS-S-530154,G6,الهرم,,Physical-DS-G420,
DEMIS-S-530155,G6,العبور,,Physical-DS-G1048,
DEMIS-S-530156,G6,المحلة الكبرى,,Physical-DS-G624,
DEMIS-S-530157,G4,العمرانية,,Physical-DS-G355,
DEMIS-S-530158,G5,بنها,,Physical-DS-G1061,
DEMIS-S-530159,G4,شبين الكوم,,Physical-DS-G1148,
DEMIS-S-530160,G5,الزقازيق,,Physical-DS-G545,
DEMIS-S-530161,G6,فاقوس,,Physical-DS-G609,
DEMIS-S-530162,G4,أول المنتزة,,Physical-DS-G71,
DEMIS-S-530163,G5,المعادي,,Physical-DS-G865,
DEMIS-S-530164,G6,حي شرق,,Physical-DS-G155,
DEMIS-S-530165,G5,دمياط,,Physical-DS-G1285,
DEMIS-S-530166,G4,العبور,,Physical-DS-G1030,
DEMIS-S-530167,G4,حدائق الأهرام,,Physical-DS-G426,
DEMIS-S-530168,G4,الشروق,,Physical-DS-G762,
DEMIS-S-530169,G4,حدائق الأهرام,,Physical-DS-G426,
DEMIS-S-530170,G5,عجمي,,Physical-DS-G183,
DEMIS-S-530171,G5,6 أكتوبر,,Physical-DS-G288,
DEMIS-S-530172,G5,بورسعيد,,Physical-DS-G1254,
DEMIS-S-530173,G4,عجمي,,Physical-DS-G174,
DEMIS-S-530174,G6,الهرم,,Physical-DS-G420,
DEMIS-S-530175,G4,فيصل,,Physical-DS-G440,
DEMIS-S-530176,G4,الدقي,,Physical-DS-G326,
DEMIS-S-530177,G5,طنطا,,Physical-DS-G662,
DEMIS-S-530178,G5,شبرا الخيمة,,Physical-DS-G1073,
DEMIS-S-530179,G4,ميت غمر,,Physical-DS-G486,
DEMIS-S-530180,G5,بورفؤاد,,Physical-DS-G1264,
DEMIS-S-530181,G4,بورفؤاد,,Physical-DS-G1261,
DEMIS-S-530182,G4,دمياط,,Physical-DS-G1275,
DEMIS-S-530183,G5,6 أكتوبر,,Physical-DS-G260,
DEMIS-S-530184,G4,العبور,,Physical-DS-G1030,
DEMIS-S-530185,G5,الزقازيق,,Physical-DS-G561,
DEMIS-S-530186,G5,المنتزة ثان,,Physical-DS-G119,
DEMIS-S-530187,G6,أشمون,,Physical-DS-G1124,
DEMIS-S-530188,G6,المنصورة,,Physical-DS-G480,
DEMIS-S-530189,G4,المنيا,,Physical-DS-G1188,
DEMIS-S-530190,G5,طنطا,,Physical-DS-G662,
DEMIS-S-530191,G5,مصر الجديدة,,Physical-DS-G1006,
DEMIS-S-530192,G4,فيصل,,Physical-DS-G440,
DEMIS-S-530193,G4,الزقازيق,,Physical-DS-G545,
DEMIS-S-530194,G5,سمنود,,Physical-DS-G633,
DEMIS-S-530195,G6,الشيخ زايد,,Physical-DS-G340,
DEMIS-S-530196,G5,سنورس,,Physical-DS-G707,
DEMIS-S-530197,G4,طنطا,,Physical-DS-G643,
DEMIS-S-530198,G5,6 أكتوبر,,Physical-DS-G288,
DEMIS-S-530199,G6,العمرانية,,Physical-DS-G370,
DEMIS-S-530200,G4,المنيب,,Physical-DS-G373,
DEMIS-S-530201,G5,قنا,,Physical-DS-G1345,
DEMIS-S-530202,G6,السلام,,Physical-DS-G754,
DEMIS-S-530203,G4,العبور,,Physical-DS-G1030,
DEMIS-S-530204,G5,فيصل,,Physical-DS-G453,
DEMIS-S-530205,G4,مدينة نصر,,Physical-DS-G947,
DEMIS-S-530206,G5,بنها,,Physical-DS-G1061,
DEMIS-S-530207,G5,فاقوس,,Physical-DS-G605,
DEMIS-S-530208,G5,دسوق,,Physical-DS-G1366,
DEMIS-S-530209,G4,المعادي,,Physical-DS-G840,
DEMIS-S-530210,G4,حي شرق,,Physical-DS-G135,
DEMIS-S-530211,G4,حي شرق,,Physical-DS-G135,
DEMIS-S-530212,G5,طنطا,,Physical-DS-G662,
DEMIS-S-530213,G4,طنطا,,Physical-DS-G643,
DEMIS-S-530214,G6,بلبيس,,Physical-DS-G597,
DEMIS-S-530215,G4,الشهداء,,Physical-DS-G1135,
DEMIS-S-530216,G5,ميت غمر,,Physical-DS-G511,
DEMIS-S-530217,G4,أشمون,,Physical-DS-G1117,
DEMIS-S-530218,G4,دمياط,,Physical-DS-G1275,
DEMIS-S-530219,G5,السويس,,Physical-DS-G539,
DEMIS-S-530220,G6,أول المنتزة,,Physical-DS-G84,
DEMIS-S-530221,G4,6 أكتوبر,,Physical-DS-G261,
DEMIS-S-530222,G4,فاقوس,,Physical-DS-G599,
DEMIS-S-530223,G4,العبور,,Physical-DS-G1030,
DEMIS-S-530224,G6,فيصل,,Physical-DS-G459,
DEMIS-S-530225,G6,المحلة الكبرى,,Physical-DS-G624,
DEMIS-S-530226,G4,المنصورة,,Physical-DS-G463,
DEMIS-S-530227,G6,بنى سويف,,Physical-DS-G1235,
DEMIS-S-530228,G6,بنى سويف,,Physical-DS-G1235,
DEMIS-S-530229,G4,الفيوم,,Physical-DS-G682,
DEMIS-S-530230,G4,العبور,,Physical-DS-G1030,
DEMIS-S-530231,G4,سمنود,,Physical-DS-G627,
DEMIS-S-530232,G6,المنيا,,Physical-DS-G1205,
DEMIS-S-530233,G4,المنيا,,Physical-DS-G1188,
DEMIS-S-530234,G4,الشروق,,Physical-DS-G762,
DEMIS-S-530235,G5,الأقصر,,Physical-DS-G63,
DEMIS-S-530236,G5,المنيب,,Physical-DS-G379,
DEMIS-S-530237,G4,شبين الكوم,,Physical-DS-G1148,
DEMIS-S-530238,G6,دمنهور,,Physical-DS-G221,
DEMIS-S-530239,G4,فاقوس,,Physical-DS-G599,
DEMIS-S-530240,G6,بنى سويف,,Physical-DS-G1235,
DEMIS-S-530241,G5,الشروق,,Physical-DS-G778,
DEMIS-S-530242,G5,المنيب,,Physical-DS-G379,
DEMIS-S-530243,G4,الزقازيق,,Physical-DS-G546,
DEMIS-S-530244,G4,شبين الكوم,,Physical-DS-G1148,
DEMIS-S-530245,G4,دمياط,,Physical-DS-G1275,
DEMIS-S-530246,G4,المنتزة ثان,,Physical-DS-G104,
DEMIS-S-530247,G5,مدينة نصر,,Physical-DS-G972,
DEMIS-S-530248,G4,المحلة الكبرى,,Physical-DS-G612,
DEMIS-S-530249,G4,أسيوط,,Physical-DS-G16,
DEMIS-S-530250,G6,بورسعيد,,Physical-DS-G1259,
DEMIS-S-530251,G6,طنطا,,Physical-DS-G673,
DEMIS-S-530252,G5,دمياط,,Physical-DS-G1285,
DEMIS-S-530253,G6,حي شرق,,Physical-DS-G155,
DEMIS-S-530254,G6,العاشر من رمضان,,Physical-DS-G588,
DEMIS-S-530255,G4,المنتزة ثان,,Physical-DS-G104,
DEMIS-S-530256,G4,ميت غمر,,Physical-DS-G486,
DEMIS-S-530257,G4,فيصل,,Physical-DS-G440,
DEMIS-S-530258,G4,15 مايو,,Physical-DS-G709,
DEMIS-S-530259,G6,الشروق,,Physical-DS-G786,
DEMIS-S-530260,G4,الهرم,,Physical-DS-G389,
DEMIS-S-530261,G5,الفيوم,,Physical-DS-G694,
DEMIS-S-530262,G5,العاشر من رمضان,,Physical-DS-G584,
DEMIS-S-530263,G6,السلام,,Physical-DS-G755,
DEMIS-S-530264,G4,المحلة الكبرى,,Physical-DS-G612,
DEMIS-S-530265,G6,ميت غمر,,Physical-DS-G526,
DEMIS-S-530266,G5,المنتزة ثان,,Physical-DS-G119,
DEMIS-S-530267,G5,الهرم,,Physical-DS-G409,
DEMIS-S-530268,G5,أشمون,,Physical-DS-G1121,
DEMIS-S-530269,G4,شبرا,,Physical-DS-G924,
DEMIS-S-530270,G4,العبور,,Physical-DS-G1030,
DEMIS-S-530271,G4,أسيوط,,Physical-DS-G16,
DEMIS-S-530272,G5,فاقوس,,Physical-DS-G605,
DEMIS-S-530273,G5,بنها,,Physical-DS-G1061,
DEMIS-S-530274,G4,بنها,,Physical-DS-G1052,
DEMIS-S-530275,G4,دمنهور,,Physical-DS-G221,
DEMIS-S-530276,G4,بركة السبع,,Physical-DS-G1139,
DEMIS-S-530277,G5,السويس,,Physical-DS-G539,
DEMIS-S-530278,G4,الهرم,,Physical-DS-G389,
DEMIS-S-530279,G6,دسوق,,Physical-DS-G1361,
DEMIS-S-530280,G5,المنيا,,Physical-DS-G1199,
DEMIS-S-530281,G4,الشيخ زايد,,Physical-DS-G340,
DEMIS-S-530282,G4,العبور,,Physical-DS-G1030,
DEMIS-S-530283,G4,الداخلة,,Physical-DS-G1217,
DEMIS-S-530284,G4,حلوان,,Physical-DS-G896,
DEMIS-S-530285,G4,شبين الكوم,,Physical-DS-G1148,
DEMIS-S-530286,G6,الزقازيق,,Physical-DS-G570,
DEMIS-S-530287,G5,قنا,,Physical-DS-G1345,
DEMIS-S-530288,G4,أول المنتزة,,Physical-DS-G71,
DEMIS-S-530289,G6,المنصورة,,Physical-DS-G480,
DEMIS-S-530290,G5,المنصورة,,Physical-DS-G474,
DEMIS-S-530291,G6,المحلة الكبرى
